Escenario,Modelo,AUC,AUC_media,Exactitud equilibrada,Exactitud equilibrada_media,Sensibilidad (no cumple),Sensibilidad (no cumple)_media,F1 (no cumple),F1 (no cumple)_media
A: planificación,Regresión logística,0.983 ± 0.003,0.983132278232849,0.929 ± 0.009,0.9287502945891901,0.939 ± 0.017,0.93885508226279,0.832 ± 0.014,0.8322455273310344
A: planificación,Random Forest,0.981 ± 0.003,0.9808062140456989,0.921 ± 0.011,0.9213634958279481,0.901 ± 0.023,0.9005932257960655,0.847 ± 0.015,0.8470264603194095
A: planificación,XGBoost,0.982 ± 0.003,0.9823604586299908,0.925 ± 0.010,0.924806592030957,0.914 ± 0.019,0.9136763900962684,0.845 ± 0.014,0.8445664867938157
B: monitorización,Regresión logística,0.998 ± 0.001,0.997913923864692,0.977 ± 0.004,0.9765861471076813,0.987 ± 0.007,0.9870874786696289,0.931 ± 0.009,0.9314984430524544
B: monitorización,Random Forest,0.998 ± 0.001,0.9976089509339909,0.976 ± 0.007,0.9762465607445588,0.974 ± 0.012,0.9736799317428121,0.947 ± 0.012,0.9470269775687186
B: monitorización,XGBoost,0.998 ± 0.001,0.9975701953889521,0.973 ± 0.008,0.972864100211105,0.964 ± 0.014,0.9643605718149327,0.947 ± 0.012,0.946813363656535
C: oráculo (con variables ocultas),Regresión logística,0.998 ± 0.001,0.998483158366027,0.980 ± 0.004,0.9804922546042912,0.991 ± 0.006,0.9911732509095593,0.940 ± 0.010,0.9400042294288827
C: oráculo (con variables ocultas),Random Forest,0.998 ± 0.001,0.9981397006218763,0.978 ± 0.006,0.9783707882035414,0.976 ± 0.011,0.9762951157474485,0.951 ± 0.011,0.9513049105868541
C: oráculo (con variables ocultas),XGBoost,0.999 ± 0.001,0.998516951327528,0.978 ± 0.007,0.9776255846565783,0.969 ± 0.012,0.9687755561994912,0.958 ± 0.011,0.9584713735536887
