OBJECTID,EoICode,StationNam,Longitude,Latitude,Altitude,StationTyp,StationAre,avg15
1,AT0ENK1,Enzenkirchen im Sauwald,13.67114,48.39172,525,background,rural-regional,13.353289
2,AT0ZOE2,Zöbelboden im Reichraminger Hintergebirge - Wildwiese,14.441389,47.838611,899,background,rural-remote,7.257276
3,AT30407,Glinzendorf im Marchfeld,16.636944,48.236667,150,background,rural-near_city,14.789538
4,AT31902,Zwentendorf im Tullnerfeld,15.903611,48.331111,200,background,rural,14.524676
5,AT4S108,Grünbach bei Freistadt,14.574722,48.531111,918,background,rural-regional,9.099422
6,AT4S418,Lenzing,13.600833,47.971944,510,background,rural,12.058089
7,BEGRT01,26RT01 - RETIE,5.053303,51.230858,23,background,rural,12.033426
8,BETN012,44N012 - MOERKERKE,3.362536,51.254574,3,background,rural,11.621019
9,BETN016,42N016 - DESSEL,5.163979,51.233652,30,background,rural,13.721193
10,BETN029,44N029 - HOUTEM,2.582323,51.01628,2,background,rural,10.76674
11,BETN054,42N054 - WALSHOUTEM,5.103159,50.711706,135,background,rural,13.100392
12,BETN060,43N060 - HAVINNES,3.457624,50.616718,0,background,rural,11.006506
13,BETN063,43N063 - CORROY L.G.,4.668288,50.655439,145,background,rural,11.354895
14,BETN067,43N067 - MEMBACH,5.992753,50.612278,233,background,rural,9.426099
15,BETN073,43N073 - VEZIN,4.988423,50.502716,160,background,rural,9.973228
16,BETN085,43N085 - VIELSALM,6.001736,50.303208,490,background,rural,6.826367
17,BETN093,43N093 - SINSIN,5.235169,50.274478,265,background,rural,8.910852
18,BETN100,43N100 - DOURBES,4.594763,50.095683,225,background,rural,8.098825
19,BETN113,43N113 - SAINT-ODE,5.593017,50.027029,510,background,rural,7.560071
20,BETN121,43N121 - OFFAGNE,5.202387,49.877128,430,background,rural,7.819823
21,BETN132,43N132 - HABAY-LA-N.,5.630398,49.719281,375,background,rural,8.689426
22,CY0002R,Emep - Ayia Marina,33.057823,35.038027,532,background,rural-regional,9.879714
23,CZ0BMIS,Mikulov-Sedlec,16.724497,48.791767,245,background,rural-regional,16.080899
24,CZ0JKOS,Kosetice,15.080278,49.573395,535,background,rural-regional,11.625252
25,CZ0TSTD,Studenka,18.089306,49.720936,231,background,rural-near_city,23.892614
26,CZ0TVER,Vernovice,18.422873,49.924679,203,background,rural-near_city,33.040112
27,DEBB053,Hasenholz,14.015252,52.563835,88,background,rural-regional,11.945001
28,DEBW031,Schwarzwald-Süd,7.764528,47.809892,904,background,rural-regional,6.111503
29,DEBW087,Schwäbische_Alb,9.207639,48.345778,798,background,rural-regional,7.883377
30,DEBY004,Kleinwallstadt/Hofstetter Straße,9.171544,49.869422,124,background,rural-near_city,12.735729
31,DEBY072,Tiefenbach/Altenschneeberg,12.548869,49.438464,755,background,rural-regional,8.871439
32,DEBY109,Andechs/Rothenfeld,11.220172,47.968753,700,background,rural-regional,8.743363
33,DEBY124,Burgbernheim/Grüne Au,10.325,49.44406,362,background,rural-regional,11.139296
34,DEHE046,Bad Arolsen,8.928171,51.430897,343,background,rural,11.416152
35,DEMV004,Gülzow,12.064708,53.817775,17,background,rural,12.241828
36,DENI031,Jadebusen,8.09059,53.59617,2,background,rural,9.372394
37,DENI060,Wendland,11.16705,52.95702,16,background,rural,10.485007
38,DENW068,Soest-Ost,8.148061,51.570662,110,background,rural-near_city,12.44337
39,DERP017,Pfälzerwald-Hortenkopf,7.826521,49.270263,606,background,rural,7.542832
40,DERP028,Westerwald-Neuhäusel,7.7299,50.4243,546,background,rural,8.508962
41,DESH008,Bornhöved,10.240596,54.09323,45,background,rural-regional,9.868317
42,DESN076,Collmberg,13.009406,51.303772,313,background,rural-remote,10.191917
43,DEST098,Unterharz / Friedrichsbrunn,11.043386,51.662435,419,background,rural-regional,8.684215
44,DEST104,Domäne Bobbe,11.891412,51.837306,72,background,rural,13.072419
45,DEUB004,Schauinsland,7.908035,47.913256,1205,background,rural-regional,6.690393
46,DEUB005,Waldhof,10.756733,52.800773,74,background,rural,10.463367
47,DEUB029,Schmücke,10.769534,50.654066,937,background,rural,7.286816
48,DEUB030,Neuglobsow,13.031662,53.141303,65,background,rural-regional,9.969703
49,DK0012R,Risoe,12.088898,55.694206,3,background,rural-regional,9.520642
50,EE0009R,Lahemaa,25.930569,59.494446,32,background,rural,5.188643
51,EE0011R,Vilsandi,21.845013,58.37611,6,background,rural,3.966952
52,EE0016A,Saarejärve,26.758898,58.702778,50,background,rural,5.433148
53,ES0001R,SAN PABLO DE LOS MONTES,-4.35056,39.54694,917,background,rural,6.61236
54,ES0006R,MAHÓN,4.31639,39.87528,78,background,rural,7.035144
55,ES0007R,VÍZNAR,-3.53417,37.23722,1230,background,rural,10.344214
56,ES0008R,NIEMBRO,-4.85,43.43917,134,background,rural,7.051429
57,ES0009R,CAMPISÁBALOS,-3.1425,41.27417,1360,background,rural,4.81686
58,ES0010R,CABO DE CREUS,3.31583,42.31917,23,background,rural,8.486239
59,ES0011R,BARCARROTA,-6.92361,38.47278,393,background,rural,8.456647
60,ES0012R,ZARRA,-1.10111,39.08278,885,background,rural,5.960674
61,ES0013R,PEŃAUSENDE,-5.8975,41.23889,985,background,rural,5.795732
62,ES0014R,ELS TORMS,0.73472,41.39389,470,background,rural,8.335227
63,ES0016R,O SAVIŃAO,-7.70472,42.63472,506,background,rural,8.379538
64,ES1489A,VALDEREJO,-3.231389,42.875278,911,background,rural,6.162902
65,ES1543A,ZORITA,-0.169444,40.735,619,background,rural,7.114348
66,ES1670A,CAUDETE DE LAS FUENTES,-1.281389,39.558611,804,background,rural,11.081898
67,ES1671A,VILLAR DEL ARZOBISPO,-0.831944,39.708056,430,background,rural,10.759357
68,ES1802A,EL ATAZAR,-3.46667,40.91028,995,background,rural,5.867473
69,ES1810A,VILLA DEL PRADO,-4.27472,40.25194,469,background,rural,11.740706
70,ES1827A,HOSPITAL JOAN MARCH,2.68665,39.67766,172,background,rural,6.991095
71,ES2018A,ALGAR DE PALŔNCIA,-0.359167,39.782222,200,background,rural,9.177124
72,FI00208,Luukki,24.68486,60.31439,64,background,rural,5.008677
73,FI00349,Utö,21.37395,59.77923,7,background,rural,4.971934
74,FI00893,Virolahti 2,27.6754,60.53002,4,background,rural,5.294007
75,FR04048,Zone Rurale Nord,2.343893,49.100257,140,background,rural-regional,12.660772
76,FR04066,Zone rurale Sud,2.23694,48.36414,134,background,rural-regional,9.648008
77,FR04328,Zone Rurale SE,2.645296,48.354709,127,background,rural-regional,9.169847
78,FR07022,Paray le Fresil,3.600663,46.652645,235,background,rural-regional,8.447957
79,FR10132,Campagne les B.,1.991448,50.610484,170,background,rural-regional,10.634634
80,FR14203,Pourcy,3.912612,49.158627,153,background,rural-near_city,11.019525
81,FR19008,Serv Tech Guipry,-1.836327,47.831934,29,background,rural-remote,8.913834
82,FR21050,La Coulonche MERA,-0.458333,48.645008,309,background,rural-remote,8.07166
83,FR23124,LA TARDIERE,-0.743681,46.656714,143,background,rural-remote,10.524742
84,FR23177,SAINT-DENIS D'ANJOU,-0.444044,47.787712,50,background,rural-regional,10.292241
85,FR24039,Obs Haute-Provence,5.711704,43.93352,670,background,rural-regional,7.504084
86,FR26012,Station MORVAN,4.09833,47.275017,620,background,rural-remote,9.567993
87,FR30033,Jonville en Woevre,5.785555,49.065837,225,background,rural-regional,12.595133
88,FR33302,St Germain/Rhône,5.820832,46.072219,477,background,rural-regional,8.89671
89,FR34038,Verneuil,2.610082,46.814819,180,background,rural-regional,11.602657
90,FR36021,Drôme Rurale Sud-SND,5.278968,44.569431,617,background,rural,6.146076
91,FR41024,Venaco,9.190035,42.236087,655,background,rural-regional,7.685495
92,GB0036R,Harwell,-1.325283,51.571078,126,background,rural,7.725895
93,GB0048R,Auchencorth Moss,-3.2429,55.79216,260,background,rural,3.176025
94,GB0617A,Rochester Stoke,0.634889,51.45617,14,background,rural,8.73313
95,HR0012A,"DESINIC - RH0112 - HR0012A; Državna mreža za trajno pracenje kvalitete zraka",15.660639,46.169056,0,background,rural-near_city,14.282799
96,HR0013A,"PLITVICKA JEZERA - RH0113 - HR0013A; Državna mreža za trajno pracenje kvalitete zraka",15.609778,44.899333,0,background,rural-regional,9.171703
97,IE0145A,Mayo Claremorris,-9.012672,53.703889,45,background,rural-remote,5.735632
98,IT0952A,CASTEL DI GUIDO,12.266389,41.889444,61,background,rural,14.676796
99,IT0989A,LEONESSA,12.961944,42.5725,948,background,rural,9.897507
100,IT0992A,FONTECHIARI,13.674444,41.67,388,background,rural,14.543353
101,IT1179A,GHERARDI,11.961111,44.839722,-2,background,rural,20.559557
102,IT1451A,SAN PIETRO CAPOFIUME,11.639444,44.662222,11,background,rural,18.643258
103,IT1464A,CASIRATE D'ADDA,9.556389,45.4975,115,background,rural,26.64348
104,IT1553A,PT-MONTALE,11.00694,43.91611,48,background,rural,23.441667
105,IT1596A,MANSUE',12.510278,45.836944,14,background,rural,25.488571
106,IT1665A,LECCE - S. M. Cerrate,18.11611,40.45889,10,background,rural,17.683505
107,IT1773A,Genga -Parco Gola della Rossa,12.95222,43.46806,550,background,rural-regional,11.594837
108,IT1796A,Civitanova IPPODROMO S. MARONE,13.67472,43.33556,110,background,rural,12.557535
109,IT1812A,MOGGIO,9.496944,45.913056,1192,background,rural,12.047041
110,IT1865A,SCHIVENOGLIA,11.07083,44.99694,16,background,rural,26.951496
111,IT1902A,BRUFA,12.46806,43.06694,209,background,rural,13.312321
112,IT1904A,Dernice - Costa,9.05243,44.76335,620,background,rural,11.011142
113,IT1911A,BADIA,10.288889,44.6575,202,background,rural,14.707042
114,IT1914A,SAN ROCCO,10.663889,44.873056,22,background,rural,23.017192
115,IT1915A,SAN CLEMENTE,12.6275,43.932778,165,background,rural,15.268362
116,IT1919A,OSTELLATO,11.942222,44.741667,0,background,rural,19.083333
117,IT1921A,GAVELLO,11.17795,44.92784,4,background,rural,20.044818
118,IT1924A,BESENZONE,10.019167,44.989444,48,background,rural,26.727528
119,IT1927A,BALLIRANA,11.981381,44.526485,1,background,rural,18.326284
120,IT1948A,Vinchio - San Michele,8.31031,44.80801,258,background,rural,20.749296
121,IT1996A,CENMA1,8.773056,40.256389,532,background,rural-near_city,7.149379
122,IT2023A,ACQUAPENDENTE,11.865,42.74472,420,background,rural,10.436975
123,IT2097A,CASTELLUCCIO,10.926111,44.15,811,background,rural,6.641834
124,IT2099A,M Martani,12.56611,42.80472,1038,background,rural,8.455446
125,IT2119A,Revello - Staffarda,7.42622,44.71976,268,background,rural,25.84375
126,IT2141A,Posta del Principe,15.38667,41.63083,150,background,rural,13.391694
127,IT2142A,Azienda Russo,15.44083,41.54666,150,background,rural,13.131818
128,LT00051,Aukstaitija,26.004169,55.463333,180,background,rural,7.775623
129,LU0105A,Beidweiler,6.30533,49.72226,319,background,rural-regional,11.022904
130,MT00007,Gharb Station,14.197154,36.067041,114,background,rural-regional,9.19006
131,NL00230,Biest Houtakker-Biestsestraat,5.148902,51.519444,15,background,rural,12.270036
132,NL00444,De Zilk-Vogelaarsdreef,4.510286,52.298054,4,background,rural,9.512012
133,NL00538,Wieringerwerf-Medemblikkerweg,5.050842,52.804722,-4,background,rural,8.977558
134,NL00561,Badhoevedorp-Sloterweg,4.773589,52.333561,1,background,rural,12.989084
135,NL00703,Amsterdam-Spaarnwoude,4.73,52.400002,1,background,rural,12.013362
136,NO0002R,Nye Birkenes,8.2519,58.38846,200,background,rural-regional,2.707727
137,NO0039R,Kĺrvatn,8.87658,62.78246,210,background,rural-regional,1.512005
138,NO0056R,Hurdal25,11.07407,60.37288,280,background,rural-regional,2.752935
139,PL0005R,KMS Puszcza Borecka,22.038056,54.124819,157,background,rural,12.482206
140,PL0243A,"Zloty Potok, Lesniczówka",19.458797,50.710889,291,background,rural,18.470833
141,PL0505A,Osieczów,15.431719,51.31763,179,background,rural,14.53796
142,PT02019,Ervedeira,-8.891667,39.923889,60,background,rural,7.347346
143,PT02020,Fundăo,-7.301944,40.233056,473,background,rural,5.618682
144,PT03096,Chamusca,-8.466111,39.3525,143,background,rural,10.51776
145,PT03099,Fernando Pó,-8.690556,38.635556,57,background,rural,11.822876
146,PT04006,Terena,-7.3975,38.615,187,background,rural,12.341719
147,PT05012,Cerro,-7.678611,37.3125,300,background,rural,6.654075
148,RO0072A,B8 Balotesti,26.116667,44.616665,30,background,rural,18.895706
149,RO0210A,GR-4,26.038739,43.963814,20,background,rural,13.13879
150,SI0008R,Iskrba,14.85806,45.56107,540,background,rural,10.032877
151,SK0004R,Stara Lesna - AU SAV EMEP/O3,20.291117,49.152779,808,background,rural,10.67064
152,X_AT0002R,Illmitz,16.766667,47.766667,117,background,rural,14.702786
153,X_DE0044R,Melpitz,12.93386,51.53014,86,background,rural,14.731795
154,X_FI0036R,Pallas (Matorova),24.237222,68,340,background,rural,3.427191
155,X_FR0009R,Revin,4.633333,49.9,390,background,rural,14.76596
156,X_FR0023R,Saint-Nazaire-le-Désert,5.278972,44.569444,605,background,rural,6.179576
157,X_HU0002R,K-puszta,19.583333,46.966667,125,background,rural,17.358067
158,X_CH0002R,Payerne,6.944722,46.813056,489,background,rural,9.748889
159,X_CH0005R,Rigi,8.463889,47.0675,1031,background,rural,5.774699
160,X_LV0010R,Rucava,21.173056,56.161944,18,background,rural,10.848464
161,X_PL0005R,Diabla Gora,22.066667,54.15,157,background,rural,12.486371
162,Y_CZ0CCHU,Churanov,13.614777,49.068427,1118,background,rural-regional,7.103898
163,Y_CZ0ESVR,Svratouch,16.034209,49.735068,735,background,rural-regional,11.822
164,Y_CZ0JKRI,Krizanov,16.098618,49.383584,525,background,rural-nearcity,15.089
165,Y_CZ0MBEL,Belotin,17.80425,49.587079,306,background,rural-nearcity,22.236
166,Y_CZ0TCEL,Celadna,18.348359,49.559234,400,background,rural-nearcity,17.006
167,Y_CZ0UDOK,Doksany,14.170205,50.458832,158,background,rural-nearcity,17.747
168,AL0203A,Korca,20.78018,40.62593,848,background,suburban,30.33897
169,AL0206A,Shkoder,19.52342,42.3139,13,background,urban,13.236321
170,AT10001,Eisenstadt Laschoberstraße,16.52806,47.84,160,background,suburban,14.568675
171,AT2KA21,Klagenfurt Völkermarkter Straße,14.31806,46.62556,445,background,urban,16.919576
172,AT2KA71,Klagenfurt Sterneckstraße,14.299144,46.626617,445,background,urban,14.608504
173,AT2WO15,Wolfsberg Hauptschule,14.843611,46.835,460,background,urban,19.190335
174,AT31413,Wiener Neudorf Hauptstraße,16.330278,48.083889,210,background,suburban,13.965723
175,AT32301,St. Pölten Eybnerstraße,15.634167,48.2125,270,background,urban,13.97845
176,AT32701,"Schwechat Sportplatz, Mühlgasse",16.474444,48.145,155,background,suburban,16.251845
177,AT4S125,"Bad Ischl, Rettenbachstraße",13.632222,47.716111,460,background,suburban,9.26586
178,AT4S156,"Braunau Zentrum, Kolpingplatz",13.039722,48.257778,350,background,urban,12.523505
179,AT4S404,Traun Tischlerstraße,14.238889,48.225278,274,background,suburban,15.235787
180,AT4S407,"Vöcklabruck, Untere Agergasse",13.6675,48.000833,420,background,suburban,12.29686
181,AT4S409,Steyr Münichholz,14.442778,48.049444,305,background,urban,11.781854
182,AT60107,Voitsberg Mühlgasse,15.152778,47.044722,390,background,urban,14.787564
183,AT60197,Leibnitz Lastenstraße,15.540556,46.778333,272,background,suburban,19.929107
184,AT9KEND,Kendlerstraße,16.30975,48.205,236,background,urban,14.100782
185,AT9STAD,Stadlau,16.458345,48.226361,159,background,urban,14.567044
186,BEGBB15,26BB15 - BRUGGE,3.234066,51.213463,5,background,urban,12.944598
187,BEGR701,26R701 - GENT,3.729298,51.058332,5,background,urban,14.640805
188,BEGR801,26R801 - BORGERHOUT,4.431821,51.209663,6,background,urban,14.81268
189,BEGR811,26R811 - SCHOTEN,4.491362,51.252103,8,background,suburban,13.718232
190,BELAB02,40AB02 - BERENDRECHT,4.32182,51.340727,10,background,suburban,13.09626
191,BELAL01,40AL01 - LINKEROEVER,4.385224,51.236194,10,background,suburban,13.189466
192,BELHB23,40HB23 - HOBOKEN,4.341005,51.170298,13,background,suburban,14.934121
193,BELMN01,40MN01 - MENEN,3.109642,50.793469,10,background,suburban,13.435091
194,BELRL01,40RL01 - ROESELARE,3.121156,50.953177,20,background,suburban,13.367502
195,BELSZ02,40SZ02 - STEENOKKERZ,4.512184,50.91302,15,background,suburban,13.040427
196,BETB011,41B011 - BERCHEM S.A,4.288336,50.858031,30,background,suburban,12.665909
197,BETH201,43H201 - LIEGE,5.547464,50.624992,160,background,suburban,10.52111
198,BETM204,43M204 - ANGLEUR,5.61115,50.611923,70,background,suburban,10.300577
199,BETMEU1,41MEU1 - MEUDON,4.392718,50.895101,50,background,suburban,15.115963
200,BETN035,42N035 - AARSCHOT,4.837618,50.977541,55,background,suburban,13.434084
201,BETN045,42N045 - HASSELT,5.368379,50.939712,41,background,suburban,13.466545
202,BETN052,44N052 - ZWEVEGEM,3.322494,50.814874,27,background,suburban,14.683366
203,BETN070,43N070 - MONS,3.939714,50.465192,30,background,suburban,12.551983
204,BETR001,41R001 - MOLENBEEK,4.33382,50.849665,15,background,urban,14.705634
205,BETR012,41R012 - UCCLE,4.358539,50.796632,100,background,suburban,14.419126
206,BETR020,42R020 - VILVOORDE,4.436721,50.941387,12,background,suburban,14.460037
207,BETR221,43R221 - LIEGE,5.627835,50.658444,65,background,urban,11.341185
208,BETR222,43R222 - SERAING,5.570223,50.613413,65,background,suburban,10.924992
209,BETR501,45R501 - CHARLEROI,4.452172,50.409311,115,background,urban,12.842754
210,BETR502,45R502 - LODELINSART,4.458681,50.428995,135,background,suburban,12.737044
211,BETR510,45R510 - CHATELINEAU,4.52113,50.416433,118,background,suburban,12.025819
212,BETR511,45R511 - MARCINELLE,4.4247,50.377592,157,background,suburban,11.799868
213,BETR701,44R701 - GENT,3.729298,51.058332,5,background,urban,14.327172
214,BETR710,44R710 - DESTELBERGE,3.775262,51.061278,6,background,suburban,14.449595
215,BETR801,42R801 - BORGERHOUT,4.431821,51.209663,6,background,urban,14.569196
216,BETR811,42R811 - SCHOTEN,4.491362,51.252103,8,background,suburban,14.176761
217,BETR834,42R834 - Boom,4.380104,51.092,0,background,suburban,13.806131
218,CY0005A,LIMASSOL RESIDENTIAL,33.017758,34.681633,22,background,urban,17.802967
219,CY0006A,NICOSIA RESIDENTIAL,33.331629,35.126975,208,background,urban,16.875843
220,CY0007A,LARNAKA RESIDENTIAL,33.615856,34.91363,17,background,urban,20.32358
221,CY0008A,PAFOS RESIDENTIAL,32.438614,34.779453,103,background,suburban,15.403012
222,CZ0ALIB,Praha 4-Libus,14.445933,50.007305,301,background,suburban,15.720217
223,CZ0ARIE,Praha 2-Riegrovy sady,14.442692,50.081482,256,background,urban,15.57881
224,CZ0ASTO,Praha 5-Stodulky,14.331413,50.046131,309,background,urban,15.313738
225,CZ0BBNY,Brno-Turany,16.696217,49.148972,241,background,suburban,17.68138
226,CZ0BZNO,Znojmo,16.060127,48.842957,225,background,suburban,16.817191
227,CZ0CCBD,Ceske Budejovice,14.465684,48.984386,383,background,urban,14.266245
228,CZ0EPAU,Pardubice Dukla,15.763549,50.024036,239,background,urban,18.682784
229,CZ0JJIH,Jihlava,15.610246,49.401596,502,background,urban,16.489249
230,CZ0KSOM,Sokolov,12.672818,50.172825,476,background,suburban,13.479739
231,CZ0MOLJ,Olomouc-Hejcin,17.238073,49.601463,224,background,urban,23.921083
232,CZ0PPLB,Plzen-Bory,13.37554,49.728394,346,background,urban,18.435565
233,CZ0PPLL,Plzen-Lochotin,13.368221,49.770126,360,background,urban,16.653832
234,CZ0SKLM,Kladno-stred mesta,14.101784,50.14386,303,background,urban,12.296574
235,CZ0SMBO,Mlada Boleslav,14.913859,50.428646,224,background,urban,17.270451
236,CZ0TOZR,Ostrava-Zabreh,18.247181,49.79604,235,background,urban,25.380925
237,CZ0TTRO,Trinec-Kosmos,18.677799,49.668114,320,background,urban,24.696366
238,CZ0UMOM,Most,13.645272,50.510365,221,background,urban,18.666911
239,CZ0UTPM,Teplice,13.85125,50.645279,257,background,urban,19.436881
240,CZ0UULK,Usti n.L.-Kockov,14.041195,50.683525,367,background,suburban,15.357874
241,CZ0ZZLN,Zlin,17.667175,49.232906,258,background,suburban,15.830083
242,DEBB007,Elsterwerda,13.526796,51.462734,89,background,suburban,13.736274
243,DEBB021,Potsdam-Zentrum,13.059945,52.401352,31,background,urban,13.695237
244,DEBB055,Brandenburg a.d. Havel,12.552303,52.420442,33,background,suburban,13.316793
245,DEBB063,Wittenberge,11.73846,52.99875,22,background,suburban,10.390088
246,DEBB064,Cottbus,14.33455,51.746344,75,background,urban,13.485642
247,DEBB067,Nauen,12.885194,52.608609,31,background,suburban,12.886066
248,DEBB083,Spremberg,14.3764,51.5645,99,background,suburban,13.224965
249,DEBB086,Blankenfelde-Mahlow,13.424304,52.349703,43,background,suburban,14.294797
250,DEBE010,B Wedding-Amrumer Str.,13.349326,52.543041,35,background,urban,15.250826
251,DEBE034,B Neukölln-Nansenstraße,13.430844,52.489451,35,background,urban,17.119724
252,DEBE068,"B Mitte, Brückenstraße",13.418833,52.513606,35,background,urban,16.061823
253,DEBW013,Stuttgart Bad Cannstatt,9.229745,48.8088,235,background,urban,12.379726
254,DEBW015,Heilbronn,9.224786,49.165508,157,background,suburban,13.91155
255,DEBW019,Ulm,9.979031,48.396836,481,background,urban,13.192736
256,DEBW023,Weil am Rhein,7.633271,47.588152,275,background,suburban,12.319939
257,DEBW033,Pforzheim,8.665536,48.889039,278,background,urban,11.823123
258,DEBW052,Konstanz,9.169289,47.664361,403,background,urban,12.423116
259,DEBW081,Karlsruhe-Nordwest,8.355628,49.028594,114,background,urban,11.994496
260,DEBW084,Freiburg,7.832122,48.001511,262,background,urban,10.578466
261,DEBW107,Tübingen,9.051178,48.507703,325,background,suburban,12.087066
262,DEBY002,Arzberg/Egerstraße,12.18865,50.058195,480,background,suburban,13.370539
263,DEBY005,Aschaffenburg/Bussardweg,9.117973,49.991518,134,background,suburban,12.226837
264,DEBY007,Augsburg/Bourges-Platz,10.88837,48.376576,477,background,urban,13.376674
265,DEBY009,Bamberg/Löwenbrücke,10.887686,49.89833,231,background,urban,13.076938
266,DEBY012,Burghausen/Marktler Straße,12.829314,48.177175,420,background,suburban,13.667626
267,DEBY031,Kempten (Allgäu)/Westendstraße,10.306561,47.72514,678,background,suburban,10.870899
268,DEBY039,München/Lothstraße,11.554669,48.154534,521,background,urban,12.392775
269,DEBY052,Neu-Ulm/Gabelsbergerstraße,10.008293,48.397079,470,background,urban,13.687462
270,DEBY058,Nürnberg/Muggenhof,11.0248,49.462229,300,background,urban,13.515509
271,DEBY067,Schwandorf/Wackersdorfer Straße,12.128139,49.321955,380,background,suburban,13.536733
272,DEBY075,Weiden i.d.OPf./Nikolaistraße,12.159361,49.67895,400,background,urban,13.427596
273,DEBY077,Würzburg/Kopfklinik,9.95642,49.804695,226,background,suburban,11.990753
274,DEBY088,Trostberg/Schwimmbadstraße,12.538174,48.021657,488,background,suburban,12.232226
275,DEBY089,München/Johanneskirchen,11.648036,48.173194,513,background,suburban,11.973409
276,DEBY099,Augsburg/LfU,10.903051,48.326013,495,background,suburban,12.609537
277,DEBY118,Passau/Stelzhamerstraße,13.422039,48.573629,300,background,urban,15.24653
278,DEBY187,Oettingen/Goethestraße,10.59772,48.95218,417,background,suburban,12.751086
279,DEHB002,Bremen-Ost,8.916966,53.060045,7,background,urban,11.951139
280,DEHB005,Bremerhaven,8.569405,53.562455,3,background,urban,10.282646
281,DEHE008,Frankfurt-Ost,8.746343,50.125332,100,background,urban,13.002718
282,DEHE013,Kassel-Mitte,9.483397,51.314248,181,background,urban,11.948696
283,DEHE022,Wiesbaden-Süd,8.244949,50.050343,121,background,urban,12.040123
284,DEHH008,Hamburg Sternschanze,9.967882,53.56414,15,background,urban,12.951982
285,DEHH059,Hamburg Wilhelmsburg,9.990569,53.50793,3,background,urban,13.776988
286,DEMV019,Güstrow,12.175512,53.78175,17,background,urban,11.565453
287,DEMV021,Rostock-Warnemünde,12.080003,54.17133,2,background,urban,10.882653
288,DENI038,Osnabrück,8.05286,52.25534,95,background,urban,11.325708
289,DENI041,Weserbergland,9.06255,52.17017,54,background,suburban,10.626572
290,DENI042,Göttingen,9.94976,51.55107,170,background,suburban,8.884077
291,DENI043,Emsland,7.31747,52.49855,30,background,suburban,12.163193
292,DENI054,Hannover,9.70612,52.36292,85,background,urban,11.397428
293,DENW002,Datteln-Hagem,7.331405,51.641383,80,background,suburban,14.545125
294,DENW008,Dortmund-Eving,7.457463,51.536911,75,background,urban,14.033249
295,DENW010,Unna-Königsborn,7.693835,51.547495,72,background,suburban,13.009496
296,DENW022,Gelsenkirchen-Bismarck,7.101786,51.533646,40,background,suburban,14.49445
297,DENW024,Essen-Vogelheim,6.981045,51.496527,47,background,urban,15.073384
298,DENW030,Wesel-Feldmark,6.629576,51.672809,25,background,suburban,13.879151
299,DENW071,Düsseldorf-Lörick,6.732383,51.249211,32,background,urban,12.705393
300,DENW114,Wuppertal-Langerfeld,7.231895,51.277647,186,background,urban,12.574983
301,DENW179,Schwerte,7.582295,51.448762,157,background,urban,12.789846
302,DENW247,Essen-Schuir (LANUV),6.965643,51.406968,153,background,suburban,13.120164
303,DERP009,Mainz-Zitadelle,8.273965,49.994975,110,background,urban,13.271031
304,DERP019,Kaiserslautern-Rathausplatz,7.7673,49.446,232,background,urban,12.890498
305,DERP022,Bad Kreuznach-Bosenheimer Straße,7.866208,49.842136,108,background,urban,12.711364
306,DERP053,Speyer-Nord,8.423005,49.351143,103,background,suburban,14.384997
307,DESH015,Itzehoe,9.532635,53.924712,40,background,suburban,12.364177
308,DESH023,Lübeck-St. Jürgen,10.695936,53.835492,12,background,urban,11.214417
309,DESL012,Saarbrücken-City,6.987601,49.233464,192,background,urban,12.244933
310,DESN059,Leipzig-West,12.297411,51.317905,115,background,urban,12.017583
311,DESN092,Dresden-Winckelmannstr.,13.730205,51.036105,112,background,urban,13.010192
312,DEST002,Burg,11.864763,52.268354,47,background,suburban,12.134096
313,DEST050,Halle/Nord,11.979056,51.496185,116,background,urban,12.893257
314,DEST077,Magdeburg/West,11.611464,52.127899,58,background,urban,12.934388
315,DETH020,Erfurt Krämpferstr.,11.037924,50.979455,195,background,urban,11.104895
316,DETH036,Greiz Mollbergstr.,12.205199,50.655861,265,background,urban,11.983944
317,DETH060,Zella-Mehlis,10.668641,50.653245,490,background,urban,10.383987
318,DK0045A,Copenhagen/1259,12.561412,55.700281,25,background,urban,11.635107
319,DK0056A,Ĺrhus/6160,10.193633,56.159783,21,background,urban,9.856579
320,EE0018A,Őismäe,24.649458,59.414169,6,background,urban,6.27563
321,EE0021A,Tartu,26.734722,58.370556,41,background,urban,8.941618
322,EE0022A,Narva,28.179167,59.376161,25,background,urban,5.943251
323,ES0567A,Barcelona (Zona Universitŕria),2.119574,41.384906,24,background,urban,15.060833
324,ES0691A,Barcelona (el Poblenou),2.204523,41.403882,3,background,urban,17.963018
325,ES1193A,CASA DE CAMPO,-3.749167,40.42,645,background,suburban,9.970065
326,ES1440A,ESTACION 1 (ESTE),-8.736944,42.210278,12,background,urban,14.872995
327,ES1443A,BURGOS 4,-3.63611,42.33611,929,background,urban,10.019336
328,ES1472A,ITURRAMA,-1.65139,42.80722,449,background,urban,11.227654
329,ES1615A,CÁCERES,-6.36028,39.47278,389,background,urban,6.720053
330,ES1619A,VALČNCIA-VIVERS,-0.368333,39.478056,11,background,urban,19.688172
331,ES1641A,RENOVALES,-0.89361,41.63528,220,background,urban,12.155689
332,ES1691A,VIVER,-0.603333,39.930556,616,background,suburban,8.071548
333,ES1752A,TORREJON DE ARDOZ,-3.48417,40.455,581,background,suburban,9.272346
334,ES1809A,VALDEMORO,-3.67972,40.18528,610,background,suburban,12.140876
335,ES1818A,TOLEDO2,-4.02083,39.86806,500,background,urban,11.965899
336,ES1838A,ALGETE,-3.50306,40.59333,721,background,suburban,6.545989
337,ES1856A,Barcelona (parc de la Vall d'Hebron),2.147992,41.426077,136,background,urban,15.321534
338,ES1868A,COMPOSTELA,-8.559167,42.875833,220,background,urban,7.301614
339,ES1885A,VALČNCIA-POLITČCNIC,-0.336389,39.480278,7,background,urban,12.099082
340,ES1890A,ALCORCÓN,-3.83389,40.34194,693,background,urban,8.019741
341,ES1914A,ELDA-LACY,-0.803333,38.454722,355,background,suburban,9.289138
342,ES1915A,ALACANT-FLORIDA-BABEL,-0.506667,38.340278,55,background,urban,12.634615
343,ES1937A,MENDEZ ALVARO,-3.686667,40.398056,609,background,urban,11.917005
344,ES1957A,TORRE DE HÉRCULES,-8.408889,43.3825,25,background,suburban,16.062731
345,ES1974A,MONTEVIL,-5.67065,43.516588,51,background,suburban,10.773827
346,ES1997A,PLASENCIA,-6.14722,40.07778,181,background,suburban,7.034714
347,FI00280,Tirilä Pekkasenkatu,28.24585,61.05748,91,background,suburban,7.017104
348,FI00363,Kasarmipuisto,27.66952,62.8936,112,background,urban,4.539228
349,FI00425,Kallio 2,24.9506,60.18739,21,background,urban,5.415536
350,FI00586,Vaasa vesitorni,21.60407,63.10121,16,background,urban,4.354429
351,FI00761,Nahkurintori 2,24.06287,60.25145,56,background,urban,4.460459
352,FI00781,Vartiokylä Huivipolku,25.10244,60.22393,25,background,suburban,6.839457
353,FI00801,Kaleva,23.80221,61.4991,109,background,urban,5.945455
354,FR01011,Metz-Centre,6.180831,49.119427,192,background,urban,15.01001
355,FR01020,Thionville-Centre,6.156945,49.358314,154,background,urban,14.09636
356,FR02020,Rognac les Brets,5.219724,43.51056,45,background,suburban,12.691131
357,FR04002,GENNEVILLIERS,2.294719,48.929692,28,background,urban,13.264381
358,FR04024,GONESSE,2.44472,48.990856,65,background,suburban,13.844158
359,FR04034,VITRY-SUR-SEINE,2.375801,48.775773,95,background,urban,13.648356
360,FR04143,PARIS Centre,2.350999,48.858998,37,background,urban,14.266079
361,FR04156,BOBIGNY,2.4525,48.902477,51,background,urban,13.432214
362,FR04181,RAMBOUILLET,1.830533,48.63373,164,background,suburban,11.77751
363,FR05090,Le Havre ville-haute,0.100645,49.514695,92,background,urban,10.268031
364,FR06001,Valenciennes Acacias,3.508038,50.35853,43,background,urban,14.247516
365,FR06009,Cambrai Gambetta,3.236064,50.172479,59,background,urban,12.300589
366,FR07004,Montferrand,3.11383,45.797264,340,background,urban,11.424204
367,FR08016,Prés Arčnes,3.886893,43.591552,8,background,urban,14.051007
368,FR08020,Lunel,4.088422,43.675749,10,background,suburban,11.80413
369,FR08252,GARNOR03,4.697362,44.053531,83,background,suburban,14.732841
370,FR08714,Les Carmes,2.899699,42.695777,25,background,urban,10.047503
371,FR09003,place de VERDUN,-1.153599,46.162573,10,background,urban,10.455317
372,FR09019,Ecole Jules Ferry,-0.458889,46.329562,48,background,urban,11.060378
373,FR09103,Square Pablo Casals,0.167167,45.647439,83,background,urban,11.263739
374,FR09203,Place Orbigny LR,-1.211207,46.161639,10,background,urban,10.200199
375,FR10004,Malo-les-Bains,2.420043,51.048572,8,background,urban,11.856743
376,FR10016,Calais Berthelot,1.843082,50.947317,4,background,urban,10.783774
377,FR10029,Cappelle,2.36627,50.995965,2,background,suburban,13.016788
378,FR11025,Lille Fives,3.090312,50.628039,25,background,urban,15.476296
379,FR12030,BERTHELOT,1.443889,43.587193,150,background,urban,11.859996
380,FR14012,Jean d Aulan,4.020554,49.224145,93,background,urban,13.463603
381,FR14042,St DIZIER L. Michel,4.966111,48.645839,147,background,urban,11.944279
382,FR15043,Grenoble Les Frenes,5.735599,45.161929,214,background,urban,15.824027
383,FR16038,STG Est,7.766331,48.570346,139,background,urban,17.091193
384,FR16066,Mulhouse Sud 2,7.309079,47.737411,250,background,urban,14.391216
385,FR18042,P. Roth St Quentin,3.283998,49.851339,95,background,urban,13.069344
386,FR18043,Faiencerie Creil,2.4744,49.259568,34,background,urban,11.84155
387,FR18053,St Pierre Amiens,2.304601,49.902514,28,background,urban,12.436338
388,FR19012,Brest Mace,-4.486815,48.386397,48,background,urban,9.130502
389,FR19032,Lorient B. Bissonnet,-3.394805,47.742485,29,background,urban,8.986247
390,FR19033,Vannes UTA,-2.763892,47.648889,17,background,urban,6.97379
391,FR20046,VAULX EN VELIN,4.924699,45.778911,173,background,urban,14.267857
392,FR20061,VILLEFRANCHE Village,4.719281,45.9864,204,background,urban,15.162516
393,FR20062,LYON Centre,4.854217,45.757731,160,background,urban,17.283563
394,FR22054,Station de FORBACH,6.910865,49.187404,233,background,urban,13.107667
395,FR23110,LEON BLUM,-2.249858,47.264106,25,background,urban,9.532049
396,FR23120,BEAUX ARTS,-0.556053,47.468541,47,background,urban,12.315558
397,FR23182,SOURCES,0.221422,47.97105,85,background,urban,13.002057
398,FR23188,CIM BOUTEILLERIE,-1.537503,47.222514,18,background,urban,13.647651
399,FR24018,MANOSQUE,5.785833,43.835302,371,background,urban,12.479338
400,FR24033,GAP COMMANDERIE,6.07306,44.555222,741,background,urban,14.689587
401,FR24036,NICE ARSON,7.286262,43.702057,9,background,urban,14.284461
402,FR25036,Espace du Palais,1.09369,49.442438,17,background,urban,13.04293
403,FR26005,Station PEJOCES,5.066112,47.308041,255,background,urban,13.484743
404,FR26019,Station AUXERRE,3.576391,47.800566,96,background,urban,11.705437
405,FR28028,Bethune Stade,2.635693,50.535404,26,background,urban,14.057797
406,FR29424,SAINT ETIENNE SUD,4.395421,45.420088,552,background,urban,8.417138
407,FR29426,SAINT-CHAMOND,4.515004,45.475296,366,background,urban,13.46916
408,FR30034,Nancy-Charles III,6.190434,48.688199,200,background,urban,13.95688
409,FR31013,BILLERE,-0.391111,43.310806,195,background,urban,10.606602
410,FR31016,SAINT-CROUTS,-1.488059,43.479736,35,background,urban,11.514683
411,FR31036,DAX,-1.038614,43.70472,14,background,urban,13.87172
412,FR32007,Le Creusot Molette,4.417501,46.802215,350,background,urban,11.153179
413,FR33101,PASTEUR,5.928333,45.564735,280,background,urban,15.848167
414,FR33201,LOVERCHY,6.118336,45.895257,453,background,urban,17.685987
415,FR33211,ANNEMASSE,6.24056,46.19585,441,background,urban,15.527387
416,FR34014,St Jean,1.966259,47.917375,111,background,urban,13.195039
417,FR34024,Joué lčs Tours,0.653776,47.344149,85,background,urban,13.412708
418,FR34034,Vierzon,2.072997,47.222026,115,background,urban,12.230161
419,FR34042,Lucé,1.468772,48.439286,158,background,urban,10.002186
420,FR35003,LIMOGES - Présidial,1.256878,45.831075,301,background,urban,10.402739
421,FR36002,Valence Urb. Centre,4.893483,44.93351,125,background,urban,16.58613
422,FR41017,BASTIA MONTESORO,9.434646,42.671343,47,background,suburban,9.187283
423,FR82006,Besancon Prevoyance,6.015416,47.2474,321,background,urban,15.034951
424,FR82010,Montbéliard centre,6.794003,47.510303,331,background,urban,13.62339
425,FR82050,Lons-le-Saunier CV,5.556808,46.671325,261,background,urban,12.420192
426,GB0566A,London Bloomsbury,-0.125889,51.52229,20,background,urban,10.928548
427,GB0567A,Belfast Centre,-5.928833,54.59965,10,background,urban,9.030004
428,GB0580A,Cardiff Centre,-3.17625,51.48178,12,background,urban,9.5591
429,GB0584A,Leeds Centre,-1.546472,53.80378,78,background,urban,11.433325
430,GB0586A,London Eltham,0.070766,51.45258,60,background,suburban,10.512368
431,GB0598A,Southampton Centre,-1.395778,50.90814,7,background,urban,9.960425
432,GB0608A,London Bexley,0.184806,51.46603,13,background,suburban,10.491823
433,GB0613A,Manchester Piccadilly,-2.237881,53.48152,45,background,urban,10.47755
434,GB0620A,London N. Kensington,-0.213492,51.52105,5,background,urban,9.7907
435,GB0643A,Leamington Spa,-1.533119,52.28881,175,background,urban,12.262142
436,GB0646A,Nottingham Centre,-1.146447,52.95473,41,background,urban,11.497954
437,GB0658A,Stoke-on-Trent Centre,-2.175133,53.02821,172,background,urban,11.691325
438,GB0660A,Salford Eccles,-2.334139,53.48481,30,background,urban,10.586222
439,GB0673A,Derry,-7.329115,55.001225,32,background,urban,11.752537
440,GB0728A,Southend-on-Sea,0.678408,51.544206,37,background,urban,10.624283
441,GB0729A,Aberdeen,-2.094278,57.15736,20,background,urban,8.038827
442,GB0730A,Wirral Tranmere,-3.022722,53.37287,38,background,urban,7.203831
443,GB0731A,Preston,-2.680353,53.76559,40,background,urban,9.953742
444,GB0733A,Portsmouth,-1.068583,50.82881,5,background,urban,10.395696
445,GB0741A,Bournemouth,-1.826744,50.73957,30,background,urban,7.486961
446,GB0743A,London Westminster,-0.131931,51.49467,5,background,urban,9.590462
447,GB0776A,Hull Freetown,-0.341222,53.74878,4,background,urban,10.877774
448,GB0839A,Edinburgh St Leonards,-3.182186,55.945589,81,background,urban,6.386624
449,GB0840A,Reading New Town,-0.944067,51.45309,58,background,urban,7.420871
450,GB0851A,Birmingham Tyburn,-1.830583,52.511722,93,background,urban,9.545399
451,GB0860A,Brighton Preston Park,-0.147572,50.840836,10,background,urban,9.318762
452,GB0863A,Sunderland Silksworth,-1.406878,54.88361,110,background,urban,7.103531
453,GB0864A,Wigan Centre,-2.638139,53.54914,45,background,urban,10.764287
454,GB0882A,Blackpool Marton,-3.007175,53.80489,16,background,urban,8.477523
455,GB0884A,Bristol St Pauls,-2.584482,51.462839,15,background,urban,10.24675
456,GB0918A,York Bootham,-1.086514,53.967513,15,background,urban,10.189576
457,GB0920A,Oxford St Ebbes,-1.260278,51.744806,58,background,urban,10.11053
458,GB0959A,London Harrow Stanmore,-0.298777,51.617333,79,background,urban,10.828675
459,GB0962A,Newport,-2.977281,51.601203,24,background,urban,9.568158
460,GB0995A,Norwich Lakenfields,1.301976,52.614193,36,background,urban,11.945411
461,GB1013A,Birmingham Acocks Green,-1.829999,52.437165,134,background,urban,8.996075
462,GB1019A,Northampton Kingsthorpe,-0.879898,52.271886,128,background,urban,6.794377
463,GB1025A,London Teddington Bushy Park,-0.345606,51.425286,11,background,urban,9.67155
464,GB1026A,Leicester University,-1.127311,52.619823,83,background,urban,12.019491
465,GB1028A,Glasgow Townhead,-4.243631,55.865782,40,background,urban,6.546663
466,GB1034A,Coventry Allesley,-1.560228,52.411563,98,background,urban,10.939653
467,GR0035A,LYKOVRISI,23.776886,38.069633,210,background,suburban,16.446809
468,HR0021A,"ZAGREB PPI PM2,5 - Ksaverska cesta - RH0121 - HR0021A; Državna mreža za trajno pracenje kvalitete zr",15.978394,45.834372,0,background,urban,20.816775
469,HR0022A,"Split-1 - SD0203 - HR0022A; Mjerna mreža Cemex Hrvatska d.o.o.",16.449342,43.510653,0,background,urban,10.839764
470,CH0005A,Dübendorf-EMPA,8.613397,47.402916,432,background,suburban,10.918156
471,CH0010A,Zürich-Kaserne,8.530411,47.377617,409,background,urban,11.771429
472,CH0011A,Lugano-Universitŕ,8.957174,46.011111,280,background,urban,13.176438
473,IE003AP,Dublin Finglas Mellowes Road,-6.305266,53.39025,10,background,suburban,8.137651
474,IE0106A,Dublin Marino Brian Road,-6.225,54.361111,20,background,suburban,7.801538
475,IE0110A,Cork Ballinlough Heatherton Park,-8.456667,51.881944,12,background,suburban,6.829863
476,IE0141A,Wicklow Bray Wurzburg Road,-6.121667,53.187222,47.32,background,suburban,6.562644
477,IS0006A,Reykjavik Husdyragardurinn,-21.873348,64.138883,19,background,urban,9.942876
478,IS0037A,Kópavogur Dalsmári,-21.888979,64.104969,0,background,suburban,4.757997
479,IT0459A,CHIARAVALLE2,13.34194,43.59889,15,background,suburban,15.260284
480,IT0499A,LA1 Laces,10.85907,46.61949,640,background,urban,16.021639
481,IT0591A,ROVERETO LGP,11.03941,45.89244,200,background,urban,15.861111
482,IT0703A,BORGO VAL,11.45389,46.05184,380,background,suburban,19.961988
483,IT0707A,BERGAMO - VIA MEUCCI,9.643889,45.690278,249,background,urban,25.672981
484,IT0804A,CITTADELLA,10.33167,44.79361,60,background,urban,21.470914
485,IT0858A,QUARTO - GENOVA,8.992222,44.396389,85,background,urban,12.044985
486,IT0862A,FI-BASSI,11.2875,43.78667,61,background,urban,15.642424
487,IT0892A,GIARDINI MARGHERITA,11.355,44.48333,43,background,urban,18.206687
488,IT0903A,CASTELLARANO,10.733889,44.516111,150,background,suburban,19.587896
489,IT0912A,PAVIA - VIA FOLPERTI,9.164722,45.193889,77,background,urban,23.245029
490,IT0940A,S. LAZZARO,10.664722,44.690833,50,background,urban,20.714681
491,IT0950A,AR-ACROPOLI,11.88889,43.46111,260,background,urban,16.205797
492,IT0953A,VILLA ADA,12.506944,41.932778,50,background,urban,16.130435
493,IT0956A,CINECITTA,12.568611,41.857778,53,background,urban,21.762712
494,IT0957A,TENUTA DEL CAVALIERE,12.659167,41.931389,48,background,suburban,18.155556
495,IT0963A,VE - Parco Bissuola,12.262222,45.499167,1,background,urban,28.423729
496,IT0966A,CAIROLI,13.240556,46.066111,100,background,urban,18.531698
497,IT0983A,AOSTA (PIAZZA PLOUVES),7.32417,45.73583,581,background,urban,11.853933
498,IT1030A,PARCO BUCCI,11.87056,44.28333,35,background,urban,14.008746
499,IT1037A,TRENTO PSC,11.1262,46.06293,203,background,urban,16.063361
500,IT1043A,MARECCHIA,12.553333,44.0625,6,background,urban,22.791429
501,IT1048A,PARCO RESISTENZA,12.048889,44.219167,29,background,urban,17.093294
502,IT1065A,BASSANO DEL GRAPPA,11.736667,45.760833,114,background,urban,20.442857
503,IT1110A,PI-PASSI,10.401667,43.738889,5,background,urban,16.962536
504,IT1128A,Borgaro T. - Caduti,7.65804,45.15464,257,background,suburban,26.382789
505,IT1177A,VI - Quartiere Italia,11.539722,45.560556,36,background,urban,29.216138
506,IT1180A,CORTONESE,12.36611,43.10306,290,background,urban,20.089783
507,IT1184A,LATINA SCALO,12.946111,41.531389,18,background,suburban,15.528736
508,IT1186A,LU-VIAREGGIO,10.245,43.883889,3,background,urban,17.667606
509,IT1187A,LU-CAPANNORI,10.573889,43.840833,10,background,urban,25.087571
510,IT1204A,CAORLE,12.225556,44.42,4,background,urban,19.40634
511,IT1222A,SAN DONA' DI PIAVE,12.591667,45.630278,3,background,urban,23.456044
512,IT1247A,Biella - Sturzo,8.05639,45.55882,405,background,urban,15.779944
513,IT1328A,CONEGLIANO,12.308056,45.890556,72,background,urban,23.345506
514,IT1343A,VR - Cason,10.912222,45.4625,91,background,suburban,26.40407
515,IT1365A,BORGO RIVO,12.62361,42.58194,156,background,urban,23.597765
516,IT1385A,DARFO_2,10.1775,45.873889,226,background,suburban,26.752312
517,IT1388A,PONTI SUL MINCIO,10.69194,45.41083,113,background,suburban,27.587592
518,IT1453A,PD - Mandria,11.841944,45.371944,13,background,urban,31.25
519,IT1510A,Verbania - Gabardi,8.56548,45.93034,203,background,urban,12.836676
520,IT1529A,Cuneo - Alpini,7.5382,44.38175,550,background,urban,16.387283
521,IT1532A,Borgosesia - Tonella,8.28353,45.71317,344,background,urban,16.571031
522,IT1536A,MAGGIOLINA - LA SPEZIA,9.842778,44.117778,6,background,urban,14.185908
523,IT1557A,LI-CAPPIELLO,10.321667,43.52,13,background,urban,10.670423
524,IT1576A,CENPS7,8.386111,39.203333,25,background,suburban,17.74
525,IT1590A,TV - Via Lancieri di Novara,12.238611,45.6725,15,background,urban,26.501424
526,IT1593A,GR-URSS,11.11917,42.77861,10,background,urban,10.985755
527,IT1594A,BL - Cittŕ,12.216944,46.141389,401,background,urban,14.539945
528,IT1619A,AREA FELTRINA,11.905833,46.030833,263,background,suburban,21.339031
529,IT1650A,SARONNO - SANTUARIO,9.024167,45.626944,212,background,urban,24.721369
530,IT1654A,PO-ROMA,11.09194,43.87278,54,background,urban,20.270423
531,IT1666A,Campi Salentina,18.02972,40.40444,10,background,suburban,18.237104
532,IT1692A,MILANO PASCAL CITTŕ STUDI,9.23583,45.47833,122,background,urban,31.901896
533,IT1696A,LS1 Laives,11.33944,46.43444,230,background,suburban,15.372806
534,IT1737A,BRESCIA VILLAGGIO SERENO,10.219444,45.515278,70,background,urban,29.066077
535,IT1739A,CREMONA VIA FATEBENEFRATELLI,10.045833,45.142222,45,background,urban,30.006571
536,IT1743A,MONZA - VIA  MACHIAVELLI,9.27444,45.58111,162,background,urban,27.024926
537,IT1771A,PARCO FERRARI,10.90633,44.65061,34,background,urban,22.160221
538,IT1788A,Ivrea - Liberazione,7.87804,45.4512,240,background,suburban,23.772861
539,IT1826A,LECCO VIA SORA,9.395833,45.849444,267,background,urban,15.812325
540,IT1830A,Alessandria - Volta,8.6232,44.9203,91,background,urban,24.369863
541,IT1836A,CIPRO,12.4475,41.906389,31,background,urban,17.470423
542,IT1843A,MONTICELLI,13.61944,42.84861,150,background,urban,12.446512
543,IT1860A,Piazza Vittoria,12.73722,42.73972,319,background,urban,13.835196
544,IT1868A,MANTOVA SANT'AGNESE,10.795556,45.160556,22,background,urban,27.225808
545,IT1876A,CALUSCO,9.466667,45.683333,273,background,suburban,24.301943
546,IT1878A,Vercelli - CONI,8.40236,45.31891,131,background,suburban,26.541899
547,IT1883A,VARALDO - SAVONA,8.485556,44.315278,55,background,urban,12.594153
548,IT1901A,PIAZZA 40 MARTIRI,12.57639,43.35278,498,background,urban,16.910448
549,IT1906A,ARENULA,12.475278,41.893889,31,background,urban,16.896359
550,IT1908A,SAVIGNANO,12.4025,44.095833,32,background,suburban,19.534286
551,IT1918A,VILLA FULVIA,11.649722,44.825,9,background,urban,19.387187
552,IT1938A,Cittŕ dei ragazzi,16.24517,39.3134,230,background,urban,13.485074
553,IT1940A,Locri,16.25518,38.22976,11,background,urban,13.020991
554,IT1947A,CENSA3,9.008889,39.066667,56,background,urban,12.468866
555,IT1965A,LODI S.ALBERTO,9.495286,45.302787,76,background,urban,26.504819
556,IT1967A,SONDRIO - VIA PARIBELLI,9.88028,46.16861,290,background,urban,21.683129
557,IT1975A,PARCO MONTECUCCO,9.669167,45.038333,61,background,urban,24.078313
558,IT1993A,CENMO1,9.136389,39.260556,15,background,urban,11.979769
559,IT2003A,stadio casardi,16.28611,41.31667,15,background,urban,15.486065
560,IT2009A,CENS16,8.576111,40.724444,275,background,suburban,6.486389
561,IT2010A,CENPT1,8.405278,40.831389,16,background,urban,9.336517
562,IT2012A,MALAGROTTA,12.345,41.875556,55,background,suburban,17.070988
563,IT2013A,FROSINONE MAZZINI,13.323333,41.638889,255,background,urban,25.58651
564,IT2028A,Villa Comunale,15.63879,38.10495,20,background,urban,11.089119
565,IT2031A,Gioacchino da Fiore (via),17.11417,39.06808,37,background,urban,18.071562
566,IT2032A,SI-POGGIBONSI,11.14194,43.47278,105,background,urban,13.27762
567,IT2073A,PARCO EDILCARANI,10.79139,44.53944,118,background,urban,18.09621
568,IT2087A,Municipio,16.29517,38.95955,140,background,suburban,12.697797
569,IT2089A,Parco della biodiversitŕ mediterranea,16.57925,38.918288,370,background,urban,9.096707
570,IT2100A,Magione,12.205833,43.133056,242,background,suburban,15.741667
571,IT2101A,Chieri - Bersezio,7.83748,45.00276,271,background,suburban,24.154519
572,IT2104A,Trivero - Ronco,8.15981,45.66423,666,background,suburban,13.470255
573,IT2105A,C Castello,12.245833,43.456944,284,background,urban,20.144928
574,IT2109A,Amelia,12.419722,42.551944,329,background,urban,13.823529
575,IT2110A,Acri,16.3868,39.48963,758,background,urban,15.727735
576,IT2112A,Rocca di Neto,17.01034,39.18752,71,background,suburban,16.221457
577,IT2113A,Ciconia2,12.136667,42.737222,143,background,suburban,12.063218
578,IT2117A,Leině (ACEA) - Grande Torino,7.71158,45.17635,246,background,suburban,30.376471
579,IT2134A,Narni Scalo,12.52194,42.53417,95,background,suburban,19.925714
580,IT2148A,Ceglie Messapica,17.5125,40.64917,100,background,suburban,16.465388
581,IT2168A,Torino Lingotto,7.64905,45.02494,243,background,urban,27.160256
582,IT2233A,Aosta Liconi,7.329645,45.734306,583,background,urban,13.823171
583,LT00002,Vilnius - Lazdynai,25.210835,54.686111,170,background,urban,10.65067
584,LT00021,N.Akmene,22.87084,56.31944,75,background,urban,7.830097
585,LT00044,Kaunas - Noreikiskes,23.835835,54.883614,73,background,urban,9.907301
586,LU0101A,Luxembourg Bonnevoie,6.13759,49.59769,275,background,urban,11.669167
587,LU0102A,Esch/Alzette,5.97694,49.50504,287,background,urban,12.02807
588,LV0022A,Ventspils parventa,21.590317,57.403997,1,background,urban,12.312014
589,LV0026A,Riga Kronvalda boulevard,24.104756,56.954847,3,background,urban,15.917079
590,MT00004,Zejtun Station,14.538963,35.852321,56,background,urban,12.476221
591,NL00014,Amsterdam-Vondelpark,4.808897,52.359997,2,background,urban,12.448128
592,NL00016,Amsterdam-Westerpark,4.870003,52.393059,3,background,urban,11.538978
593,NL00241,Breda-Bastenakenstraat,4.780847,51.603333,1,background,suburban,12.352135
594,NL00247,Veldhoven-Europalaan,5.393333,51.407501,22,background,urban,10.673576
595,NL00488,Rotterdam Zuid-Zwartewaalstraat,4.4875,51.89389,0,background,urban,12.640694
596,NL00494,Schiedam-Alphons Arienstraat,4.401389,51.921111,3,background,urban,13.344757
597,NL00643,Utrecht-Griftpark,5.128334,52.102222,2,background,urban,14.21835
598,NL00701,Zaandam-Wagenschotpad,4.816667,52.450001,1,background,urban,12.803076
599,NL00742,Nijmegen-Ruyterstraat,5.858061,51.838889,30,background,urban,12.125276
600,NL00938,Groningen-Nijensteinheerd,6.608897,53.246944,-1,background,suburban,11.518471
601,NO0015A,Rĺdhuset,5.32805,60.39213,5,background,urban,6.762815
602,NO0065A,Vĺland,5.73147,58.96173,34,background,suburban,7.309426
603,NO0073A,Sofienbergparken,10.76573,59.92295,24,background,urban,8.825313
604,NO0075A,Lillehammer barnehage,10.46563,61.12087,212,background,suburban,6.644817
605,NO0080A,Řyekast,9.64217,59.1292,31,background,suburban,7.134425
606,NO0089A,Torvet,10.39355,63.43038,30,background,urban,4.731638
607,PL0008A,"Katowice, ul. Kossutha 6",18.975028,50.264611,273,background,urban,27.273273
608,PL0052A,AM8 Gdansk Wrzeszcz,18.620274,54.380279,40,background,urban,12.897218
609,PL0071A,Torun POLICJA,18.666103,53.028647,64,background,urban,18.868486
610,PL0075A,Wloclawek Sielska DMD,19.036386,52.664721,57,background,suburban,18.383501
611,PL0079A,BialaP-Orzechowa,23.149389,52.029194,144,background,urban,26.346154
612,PL0081A,Chelm ul. Jagiellonska,23.514603,51.13095,190,background,suburban,27.2
613,PL0085A,Lublin Ul. Sliwinskiego,22.551675,51.273078,207,background,urban,21.293151
614,PL0091A,Zamosc ul. Hrubieszowska 69A,23.290247,50.716628,226,background,urban,23.956164
615,PL0096A,Lódz-Widzew,19.529786,51.75805,235,background,urban,22.134072
616,PL0100A,Lódz-Legionów 1,19.452936,51.776417,206,background,urban,29.728571
617,PL0115A,Zgierz-Sródmiescie,19.421231,51.856692,189,background,urban,20.457289
618,PL0129A,Legionowo-Zegrzynska,20.955928,52.407578,91,background,suburban,32.175951
619,PL0134A,Piastów-Pulaskiego,20.837489,52.191728,99,background,suburban,30.466363
620,PL0136A,Plock-Reja,19.709791,52.550938,101,background,urban,21.465559
621,PL0138A,Radom-Tochtermana,21.147474,51.399084,159,background,urban,28.090908
622,PL0141A,Warszawa-Ursynów,21.033819,52.160772,102,background,urban,21.181222
623,PL0143A,Warszawa-Targówek,21.042458,52.290864,85,background,urban,23.627787
624,PL0144A,Zyrardów-Roosevelta,20.429892,52.053811,119,background,urban,30.140162
625,PL0148A,Bialystok-Miejska,23.155869,53.126689,145,background,urban,19.287655
626,PL0151A,Lomza Sikorskiego 48/94,22.054381,53.181394,128,background,urban,26.642072
627,PL0152A,"Suwalki, ul. Pulaskiego 73",22.934608,54.117878,179,background,urban,13.33061
628,PL0171A,AM11 Slupsk Kniaziewicza,17.046722,54.463611,25,background,urban,14.065972
629,PL0175A,WIOS Olsztyn ul. Puszkina,20.486075,53.789233,120,background,urban,16.745363
630,PL0176A,WIOS Ostróda ul. Chrobrego,19.969778,53.692469,120,background,urban,17.259802
631,PL0190A,Legnica - Rzeczypospolitej,16.180513,51.204503,122,background,urban,22.905817
632,PL0192A,Walbrzych - Wysockiego,16.269677,50.768729,424,background,urban,18.906728
633,PL0194A,Wroclaw - Korzeniowskiego,17.02925,51.129378,114,background,urban,23.967134
634,PL0198A,Zgorzelec - Bohaterów Getta,15.008175,51.150391,215,background,urban,18.416522
635,PL0213A,Zielona Góra ul. Krótka,15.518861,51.939783,150,background,urban,20.787204
636,PL0218A,K-Kozle automat 1,18.236575,50.349608,181,background,urban,27.025765
637,PL0238A,"Gliwice, ul. Mewy 34",18.655764,50.279333,236,background,urban,30.896265
638,PL0244A,WKPPoznan1,16.959519,52.398175,67,background,urban,24.35196
639,PL0248A,Szczecin_Andrzejewskiego,14.663347,53.380975,10,background,urban,15.355014
640,PL0276A,Nisko-Szklarniowa-WIOS,22.112467,50.529892,156,background,urban,22.990962
641,PL0283A,"Kielce, ul. Jagiellonska",20.604998,50.872549,275,background,urban,25.604647
642,PL0295A,WIOS Elblag ul. Bazynskiego,19.410942,54.167847,15,background,urban,14.942473
643,PL0398A,Plock-Gimnazjum,19.687672,52.556279,97,background,urban,21.413407
644,PL0413A,Krosno-Kletówki,21.7497,49.690169,277,background,urban,24.474444
645,PL0489A,"Zory, Os. Gen. Wladyslawa Sikorskiego 52",18.691222,50.028681,260,background,urban,27.773988
646,PL0490A,Wroclaw - Na Grobli,17.059225,51.103456,119,background,urban,22.862136
647,PL0491A,"Bydgoszcz, ul. Berlinga",18.132111,53.151467,100,background,suburban,15.837606
648,PL0492A,Gorzów Wlkp. ul. Pilsudskiego,15.246294,52.747044,22,background,urban,16.646648
649,PL0493A,Radom-Hallera,21.171285,51.415324,156,background,urban,24.972535
650,PL0494A,Opole manualna 4,17.950278,50.676856,173,background,urban,21.215068
651,PL0495A,Rzeszów-Nowe Miasto,22.010575,50.024242,203,background,urban,22.787147
652,PL0496A,Bialystok-Warszawska,23.181744,53.129306,145,background,urban,21.247697
653,PL0497A,Zaspa,18.614333,54.398639,6,background,urban,14.212885
654,PL0498A,"Czestochowa, ul. Zana 6",19.106961,50.801918,262,background,urban,26.001714
655,PL0499A,"Bielsko-Biala, ul. Sternicza",19.023194,49.806389,372,background,urban,25.894944
656,PL0500A,Koszalin_Spasowskiego,16.193103,54.20705,45,background,urban,13.471781
657,PL0501A,"Kraków, ul. Bujaka",19.949189,50.010575,223,background,urban,33.717808
658,PL0502A,"Tarnów, ul. Bitwy pod Studziankami",21.004167,50.020169,228,background,urban,25.156742
659,PL0503A,WKPKalisz,18.048389,51.749053,132,background,urban,27.188195
660,PL0507A,Lublin ul. Obywatelska,22.569133,51.259431,191,background,urban,28.158287
661,PL0509A,Piotrków Tryb.-Krakowskie Przedmiescie,19.696956,51.404406,180,background,urban,31.571388
662,PL0517A,Kluczbork manualna 2,18.207575,50.972181,177,background,urban,20.310056
663,PL0518A,Jaslo-Sikorskiego-WIOS,21.454617,49.744886,223,background,urban,24.067817
664,PL0523A,"Busko-Zdrój, ul. Rokosza",20.715442,50.453653,212,background,urban,21.007445
665,PL0527A,"Godów, ul. Gliniki",18.471278,49.921875,204,background,urban,34.88745
666,PL0530A,"Tarnowskie Góry, ul. Litewska",18.829639,50.444736,319,background,urban,29.098494
667,PL0534A,Myslibórz_ZaBramka,14.862558,52.926189,62,background,urban,20.107374
668,PL0535A,Szczecinek_1Maja,16.692264,53.712097,134,background,urban,14.334493
669,PL0538A,Siedlce-Konarskiego,22.282001,52.172145,155,background,urban,24.910774
670,PL0542A,Grudziadz Starówka,18.752503,53.491831,29,background,urban,26.828296
671,PL0549A,"Bochnia, ul. Konfederatów Barskich",20.439511,49.969017,202,background,urban,29.210169
672,PL0550A,"Nowy Sacz, ul. Nadbrzezna",20.714403,49.619281,305,background,urban,36.010959
673,PL0552A,"Trzebinia, os. Zwiazku Walki Mlodych",19.477464,50.159406,340,background,urban,25.841226
674,PL0558A,AM12 Koscierzyna Targowa,17.975861,54.120694,163,background,urban,22.855385
675,PL0566A,"Starachowice, ul. Zlota",21.084175,51.050611,264,background,urban,22.348468
676,PL0585A,Jelenia Góra - Oginskiego,15.765608,50.913433,345,background,urban,18.372678
677,PL0591A,"Zary, ul. Szymanowskiego 8",15.127808,51.642656,160,background,urban,19.588286
678,PL0594A,Przemysl-Grunwaldzka-WIOS,22.756239,49.784339,201,background,urban,25.920167
679,PL0620A,Ostroleka-Hallera,21.579322,53.083736,96,background,urban,21.023672
680,PL0623A,Mielec-MOSIR-WIOS,21.434331,50.300761,167,background,urban,27.10193
681,PL0624A,WpPleszew,17.788673,51.885218,120,background,urban,33.561364
682,PT03071,Olivais,-9.108056,38.768889,32,background,urban,11.345238
683,PT03083,Laranjeiro,-9.157778,38.663611,63,background,urban,13.551207
684,PT03089,Mem Martins,-9.347222,38.785,173,background,urban,12.228133
685,PT05007,Joaquim Magalhăes,-7.926667,37.015,4,background,urban,11.912215
686,RO0074A,CJ-2,23.596678,46.775002,333,background,urban,17.301691
687,RO0084A,IS-2,27.583614,47.151112,44,background,urban,23.156837
688,RO0176A,PH-2,26.025902,44.939201,160,background,urban,16.893697
689,RO0194A,TM-2,21.227453,45.755493,89,background,urban,11.119221
690,SE0004A,Göteborg Femman,11.970002,57.708611,30,background,urban,8.266937
691,SE0015A,Landskrona Polishuset,12.829702,55.869659,20,background,urban,7.792754
692,SE0022A,Stockholm Torkel Knutssongatan,18.057501,59.31694,58,background,urban,4.80579
693,SE0084A,Stockholm Olaus Petri,18.090834,59.346111,30,background,urban,4.209584
694,SE0104A,Uppsala Klostergatan,17.635658,59.860111,22,background,urban,4.136593
695,SE37657,Burlöv Församlingshemmet,13.0788,55.633598,10,background,urban,8.251126
696,SE37658,Umeĺ Förskolan Uven,20.289301,63.820801,0,background,urban,3.677026
697,SI0058A,Ljubljana Biotehnicna fakulteta,14.4713,46.0483,297,background,suburban,22.565476
698,SI0059A,Maribor Vrbanski plato,15.627231,46.568722,280,background,urban,19.259669
699,SK0008A,Ruzomberok - Riadok,19.302525,49.079166,475,background,urban,22.749334
700,SK0022A,Hnusta - Hlavna,19.951685,48.583611,320,background,urban,17.574611
701,SK0025A,Jelsava - Jesenskeho,20.240284,48.631111,289,background,urban,22.278441
702,SK0030A,Strazske - Mierova,21.837503,48.874165,133,background,urban,20.164213
703,SK0037A,Humenne - Nam. slobody,21.913622,48.930836,160,background,urban,19.419321
704,SK0039A,Martin - Jesenskeho,18.921947,49.066944,383,background,urban,17.417422
705,SK0264A,Kosice - Amurska,21.286388,48.691113,201,background,urban,18.989409
706,XK0001A,Prishtine1,21.08135,42.385586,0,background,suburban,28.486592
707,Y_CZ0BBNI,Brno-Lisen,16.677942,49.213231,340,background,urban,18.477178
708,Y_CZ0HHKT,Hr.Kral.-tr.SNP,15.856972,50.218543,232,background,urban,20.18
709,Y_CZ0HJIC,Jicin,15.352657,50.439498,283,background,urban,18.397
710,Y_CZ0TOPO,Ostrava-Poruba/CHMU,18.159264,49.825267,242,background,suburban,22.678
