"APLICACIÓN PRESUP.";"AREA";"DENOMINACIÓN";"EURO"
1131000;;"INTERESES OPERAC. CRÉDITO";200000,00
1191300;;"AMORTIZACIÓN OP. DE CRÉDITO";7446787,72
13022699;"ADMINISTRACIÓN GENERAL DE LA SEGURIDAD Y PROTECCIÓN CIVIL";"OTROS GASTOS DIVERSOS";5000,00
13022707;"ADMINISTRACIÓN GENERAL DE LA SEGURIDAD Y PROTECCIÓN CIVIL";"SERVICIO CAPTACIÓN DE IMÁGENES AÉREAS";10000,00
13522000;"PROTECCIÓN CIVIL";"MATERIAL OFICINA";500,00
13522104;"PROTECCIÓN CIVIL";"VESTUARIO PERSONAL CECOPIN Y EMERGENCIAS";3000,00
13522606;"PROTECCIÓN CIVIL";"FORMACIÓN EN MATERIA DE PROTECCIÓN CIVIL";7000,00
13522707;"PROTECCIÓN CIVIL";"ASIST. TÉCNICA ELABORACIÓN PLANES DE EMERGENCIAS";40000,00
13522709;"PROTECCIÓN CIVIL";"ELABORACIÓN DE PLANES AUTOPROTECCIÓN";30000,00
13548900;"PROTECCIÓN CIVIL";"SUBVENCIONES ASOCIACIONES DE PROTECCIÓN CIVIL";15000,00
13548901;"PROTECCIÓN CIVIL";"CONVENIO AEA SERVICIO DE EMERGENCIA";50000,00
13548902;"PROTECCIÓN CIVIL";"PREMIOS EN EMERGENCIA";1500,00
13560100;"PROTECCIÓN CIVIL";"INVERSIONES EN SEGURIDAD Y EMERGENCIAS";18000,00
13562400;"PROTECCIÓN CIVIL";"VEHÍCULOS EMERGENCIA";75000,00
13562700;"PROTECCIÓN CIVIL";"PROYECTO MEJORA EQUIPAMIENTO Y DOTACIONES EMERGENCIAS";50000,00
13562901;"PROTECCIÓN CIVIL";"MATERIAL DE EMERGENCIAS";9000,00
13578900;"PROTECCIÓN CIVIL";"SUVB. AEA COMPRA VEHICULOS DE EMERGENCIA";14000,00
13622709;"SERVICIOS DE EXTINCIÓN DE INCENDIOS";"PRESTACIÓN SERVICIO PREV. Y EXT. INCENDIOS";600000,00
15022000;"ADMINISTRACIÓN GENERAL DE VIVIENDA Y URBANISMO";"MATERIAL DE OFICINA";1000,00
15112000;"URBANISMO";"SUELDOS GRUPO A1";60926,85
15112001;"URBANISMO";"SUELDOS GRUPO A2";13284,68
15112003;"URBANISMO";"SUELDOS GRUPO C1";10077,59
15112006;"URBANISMO";"TRIENIOS";7197,96
15112100;"URBANISMO";"COMPLEMENTO DE DESTINO";54614,28
15112101;"URBANISMO";"COMPLEMENTO ESPECÍFICO";84015,26
15112103;"URBANISMO";"OTROS COMPLEMENTOS";44593,84
15115000;"URBANISMO";"PRODUCTIVIDAD";1123,68
15116000;"URBANISMO";"SEGURIDAD SOCIAL";62938,67
15122602;"URBANISMO";"PUBLICIDAD PIOLP Y OTROS";2000,00
15122710;"URBANISMO";"ASISTENCIA TÉCNICA PLANIFICACIÓN";350000,00
15612000;"POLÍTICA TERRITORIAL";"SUELDOS GRUPO A1";15231,71
15612001;"POLÍTICA TERRITORIAL";"SUELDOS GRUPO A2";13284,68
15612003;"POLÍTICA TERRITORIAL";"SUELDOS GRUPO C1";10077,59
15612004;"POLÍTICA TERRITORIAL";"SUELDOS GRUPO C2";8467,70
15612006;"POLÍTICA TERRITORIAL";"TRIENIOS";10041,31
15612100;"POLÍTICA TERRITORIAL";"COMPLEMENTO DE DESTINO";28285,46
15612101;"POLÍTICA TERRITORIAL";"COMPLEMENTO ESPECÍFICO";32804,66
15612103;"POLÍTICA TERRITORIAL";"OTROS COMPLEMENTOS";28007,74
15615000;"POLÍTICA TERRITORIAL";"PRODUCTIVIDAD";749,12
15616000;"POLÍTICA TERRITORIAL";"SEGURIDAD SOCIAL";54000,00
15622001;"POLÍTICA TERRITORIAL";"LIBROS, PRENSA, REVISTAS Y OTRAS PUBLICACIONES";400,00
15622002;"POLÍTICA TERRITORIAL";"MATERIAL INFORMÁTICO NO INVENTARIABLE";1000,00
15622606;"POLÍTICA TERRITORIAL";"REUNIONES Y CONFERENCIAS";3000,00
15622610;"POLÍTICA TERRITORIAL";"PROYECTOS SIG";25000,00
15622699;"POLÍTICA TERRITORIAL";"GASTOS DIVERSOS ";2500,00
15622709;"POLÍTICA TERRITORIAL";"ESTUDIOS Y TRABAJOS TÉCNICOS";4000,00
15648900;"POLÍTICA TERRITORIAL";"CONVENIO ACADUR CONGRESO DERECHO URBANÍSTICO";12000,00
16076200;"ALCANTARILLADO";"SUBV. AYTO. S/C DE LA PALMA EBAR";121511,23
16212000;"RECOGIDA, ELIMINACIÓN Y TRATAMIENTO DE RESIDUOS";"SUELDOS GRUPO A1";30463,43
16212001;"RECOGIDA, ELIMINACIÓN Y TRATAMIENTO DE RESIDUOS";"SUELDOS GRUPO A2";26569,36
16212006;"RECOGIDA, ELIMINACIÓN Y TRATAMIENTO DE RESIDUOS";"TRIENIOS";8162,32
16212100;"RECOGIDA, ELIMINACIÓN Y TRATAMIENTO DE RESIDUOS";"COMPLEMENTO DE DESTINO";42280,14
16212101;"RECOGIDA, ELIMINACIÓN Y TRATAMIENTO DE RESIDUOS";"COMPLEMENTO ESPECÍFICO";57342,74
16212103;"RECOGIDA, ELIMINACIÓN Y TRATAMIENTO DE RESIDUOS";"OTROS COMPLEMENTOS";34807,79
16213000;"RECOGIDA, ELIMINACIÓN Y TRATAMIENTO DE RESIDUOS";"RETRIB. BÁSICAS LABORALES RESIDUOS SÓLIDOS";120330,12
16213002;"RECOGIDA, ELIMINACIÓN Y TRATAMIENTO DE RESIDUOS";"OTRAS REMUNERACIÓNES PESONAL LABORAL FIJO";171016,39
16215000;"RECOGIDA, ELIMINACIÓN Y TRATAMIENTO DE RESIDUOS";"PRODUCTIVIDAD";3183,76
16216000;"RECOGIDA, ELIMINACIÓN Y TRATAMIENTO DE RESIDUOS";"SEGURIDAD SOCIAL";179337,82
16221300;"RECOGIDA, ELIMINACIÓN Y TRATAMIENTO DE RESIDUOS";"RESIDUOS SÓLIDOS, MAQUINARIA, INSTALACIONES Y UTILLAJE";2500,00
16222103;"RECOGIDA, ELIMINACIÓN Y TRATAMIENTO DE RESIDUOS";"RESIDUOS SÓLIDOS. COMBUSTIBLES Y CARBURANTES ";2000,00
16222104;"RECOGIDA, ELIMINACIÓN Y TRATAMIENTO DE RESIDUOS";"RESIDUOS SÓLIDOS. VESTUARIO ";2000,00
16222300;"RECOGIDA, ELIMINACIÓN Y TRATAMIENTO DE RESIDUOS";"TRANSPORTES Y MENSAJERÍA";500,00
16222610;"RECOGIDA, ELIMINACIÓN Y TRATAMIENTO DE RESIDUOS";"PUESTA EN MARCHA DEL PTER";20000,00
16222699;"RECOGIDA, ELIMINACIÓN Y TRATAMIENTO DE RESIDUOS";"RESIDUOS SÓLIDOS. GASTOS DIVERSOS ";10000,00
16222706;"RECOGIDA, ELIMINACIÓN Y TRATAMIENTO DE RESIDUOS";"ESTUDIOS Y TRABAJOS TÉCNICOS";20000,00
16222709;"RECOGIDA, ELIMINACIÓN Y TRATAMIENTO DE RESIDUOS";"RECOGIDA PAPEL/CARTÓN";211837,74
16222711;"RECOGIDA, ELIMINACIÓN Y TRATAMIENTO DE RESIDUOS";"GESTIÓN DE VERTEDEROS";40000,00
16222712;"RECOGIDA, ELIMINACIÓN Y TRATAMIENTO DE RESIDUOS";"GESTIÓN COMPLEJO AMBIENTAL DE RESIDUOS";1350000,00
16222713;"RECOGIDA, ELIMINACIÓN Y TRATAMIENTO DE RESIDUOS";"RETIRADA RESIDUOS PELIGROS Y NO PELIGROSOS DE PUNTOS LIMPIOS";140000,00
16246200;"RECOGIDA, ELIMINACIÓN Y TRATAMIENTO DE RESIDUOS";"COMPENSACIÓN PLANTA M. AMBIENTE VILLA DE MAZO";390657,87
16246201;"RECOGIDA, ELIMINACIÓN Y TRATAMIENTO DE RESIDUOS";"CONVENIO COLABORACIÓN IMPLANTANCIÓN PROYECTO EXPERIMENTAL COMPOSTAJE COMUNITARIO";10000,00
16246701;"RECOGIDA, ELIMINACIÓN Y TRATAMIENTO DE RESIDUOS";"CONVENIO FUNDACIÓN CANARIA RESERVA DE LA BIOSFERA PROY. PRESERVACIÓN MEDIOAMBIENTAL MAT.RESIDUOS";10000,00
16260000;"RECOGIDA, ELIMINACIÓN Y TRATAMIENTO DE RESIDUOS";"ADQUISICIÓN TERRENOS";30000,00
16262701;"RECOGIDA, ELIMINACIÓN Y TRATAMIENTO DE RESIDUOS";"INSTALACIONES Y EQUIPOS DE INFRAESTRUCTURAS DE RESIDUOS";200000,00
16262702;"RECOGIDA, ELIMINACIÓN Y TRATAMIENTO DE RESIDUOS";"OBRAS EN PUNTOS LIMPIOS";81124,00
16262703;"RECOGIDA, ELIMINACIÓN Y TRATAMIENTO DE RESIDUOS";"OBRAS PUNTOS LIMPIOS DE LA CONSTRUCCIÓN";20000,00
16262705;"RECOGIDA, ELIMINACIÓN Y TRATAMIENTO DE RESIDUOS";"INVERSIONES ACTIVIDADES CLASIFICADAS";105000,00
16262706;"RECOGIDA, ELIMINACIÓN Y TRATAMIENTO DE RESIDUOS";"MEJORA COMPLEJO AMBIENTAL LOS MORENOS";500000,00
16920300;"OTROS SERVICIOS DE BIENESTAR COMUNITARIO (MATADERO)";"ARRENDAMIENTOS";1100,00
16921300;"OTROS SERVICIOS DE BIENESTAR COMUNITARIO (MATADERO)";"REPARACIÓN MAQUINARIA E INSTALACIONES MATADERO";21000,00
16921400;"OTROS SERVICIOS DE BIENESTAR COMUNITARIO (MATADERO)";"MATERIAL DE TRANSPORTE MATADERO";3000,00
16922000;"OTROS SERVICIOS DE BIENESTAR COMUNITARIO (MATADERO)";"MATERIAL DE OFICINA MATADERO";500,00
16922002;"OTROS SERVICIOS DE BIENESTAR COMUNITARIO (MATADERO)";"MATERIAL INFORMÁTICO NO INVENTARIABLE";400,00
16922103;"OTROS SERVICIOS DE BIENESTAR COMUNITARIO (MATADERO)";"COMBUSTIBLE MATADERO";15000,00
16922104;"OTROS SERVICIOS DE BIENESTAR COMUNITARIO (MATADERO)";"VESTUARIO Y LAVAND.";3000,00
16922110;"OTROS SERVICIOS DE BIENESTAR COMUNITARIO (MATADERO)";"LIMPIEZA INSTALACIONES Y DESINFECCIÓN";5000,00
16922300;"OTROS SERVICIOS DE BIENESTAR COMUNITARIO (MATADERO)";"TRANSPORTES";24000,00
16922610;"OTROS SERVICIOS DE BIENESTAR COMUNITARIO (MATADERO)";"LABORATORIO";22900,00
16922699;"OTROS SERVICIOS DE BIENESTAR COMUNITARIO (MATADERO)";"OTROS GASTOS DIVERSOS MATADERO";5000,00
16922701;"OTROS SERVICIOS DE BIENESTAR COMUNITARIO (MATADERO)";"VIGILANCIA";500,00
16935800;"OTROS SERVICIOS DE BIENESTAR COMUNITARIO (MATADERO)";"INTERESES POR OPERACIONES DE ARRENDAMIENTO FINANCIERO (LEASING)";4423,02
16962700;"OTROS SERVICIOS DE BIENESTAR COMUNITARIO (MATADERO)";"INVERSIONES MATADERO";80000,00
16964800;"OTROS SERVICIOS DE BIENESTAR COMUNITARIO (MATADERO)";"CUOTAS LEASING VEHÍCULOS";52916,82
17012000;"ADMINISTRACIÓN GENERAL DE MEDIO AMBIENTE";"SUELDOS GRUPO A1";30463,43
17012001;"ADMINISTRACIÓN GENERAL DE MEDIO AMBIENTE";"SUELDOS GRUPO A2";39854,04
17012003;"ADMINISTRACIÓN GENERAL DE MEDIO AMBIENTE";"SUELDOS GRUPO C1";156202,57
17012004;"ADMINISTRACIÓN GENERAL DE MEDIO AMBIENTE";"SUELDOS GRUPO C2";16935,41
17012006;"ADMINISTRACIÓN GENERAL DE MEDIO AMBIENTE";"TRIENIOS";46644,03
17012100;"ADMINISTRACIÓN GENERAL DE MEDIO AMBIENTE";"COMPLEMENTO DE DESTINO";157278,94
17012101;"ADMINISTRACIÓN GENERAL DE MEDIO AMBIENTE";"COMPLEMENTO ESPECÍFICO";199265,50
17012103;"ADMINISTRACIÓN GENERAL DE MEDIO AMBIENTE";"OTROS COMPLEMENTOS";139777,18
17013000;"ADMINISTRACIÓN GENERAL DE MEDIO AMBIENTE";"RETRIBUCIONES BÁSICAS PERSONAL LABORAL FIJO";1612086,15
17013002;"ADMINISTRACIÓN GENERAL DE MEDIO AMBIENTE";"OTRAS REMUNERACIONES";2299851,34
17013100;"ADMINISTRACIÓN GENERAL DE MEDIO AMBIENTE";"LABORAL TEMPORAL";53338,50
17015000;"ADMINISTRACIÓN GENERAL DE MEDIO AMBIENTE";"PRODUCTIVIDAD";35840,00
17015100;"ADMINISTRACIÓN GENERAL DE MEDIO AMBIENTE";"GRATIFICACIONES";70000,00
17016000;"ADMINISTRACIÓN GENERAL DE MEDIO AMBIENTE";"SEGURIDAD SOCIAL";1550409,00
17020000;"ADMINISTRACIÓN GENERAL DE MEDIO AMBIENTE";"ARRENDAMIENTO TERRENOS Y BIENES NATURALES";2200,00
17020200;"ADMINISTRACIÓN GENERAL DE MEDIO AMBIENTE";"COMUNIDAD PROPIETARIOS EDIFICIO. ARRENDAMIENTO LOCAL";14000,00
17020500;"ADMINISTRACIÓN GENERAL DE MEDIO AMBIENTE";"ARRENDAMIENTO MOBILIARIO Y ENSERES";500,00
17021200;"ADMINISTRACIÓN GENERAL DE MEDIO AMBIENTE";"MANTENIMIENTO EDIFICIO Y OTRAS CONSTRUCCIONES";9000,00
17021300;"ADMINISTRACIÓN GENERAL DE MEDIO AMBIENTE";"MAQUINARIA, INSTALACIONES Y UTILLAJE";6000,00
17021400;"ADMINISTRACIÓN GENERAL DE MEDIO AMBIENTE";"MANTENIMIENTO VEHÍCULOS";45000,00
17021500;"ADMINISTRACIÓN GENERAL DE MEDIO AMBIENTE";"REPARACIÓN EQUIPOS OFICINA";1000,00
17021600;"ADMINISTRACIÓN GENERAL DE MEDIO AMBIENTE";"RED COMUNICACIONES";10000,00
17022000;"ADMINISTRACIÓN GENERAL DE MEDIO AMBIENTE";"MATERIAL OFICINA";5000,00
17022001;"ADMINISTRACIÓN GENERAL DE MEDIO AMBIENTE";"PRENSA, REVISTAS, LIBROS Y PUBLICACIONES";2000,00
17022002;"ADMINISTRACIÓN GENERAL DE MEDIO AMBIENTE";"MATERIAL INFORMÁTICO NO INVENTARIABLE";1000,00
17022003;"ADMINISTRACIÓN GENERAL DE MEDIO AMBIENTE";"PUBLICACIONES Y ACTUALIZACIÓN DE TOPOGUÍAS Y FOLLETOS";1000,00
17022103;"ADMINISTRACIÓN GENERAL DE MEDIO AMBIENTE";"COMBUSTIBLES";40000,00
17022104;"ADMINISTRACIÓN GENERAL DE MEDIO AMBIENTE";"VESTUARIO";170000,00
17022199;"ADMINISTRACIÓN GENERAL DE MEDIO AMBIENTE";"OTROS SUMINISTROS";14000,00
17022300;"ADMINISTRACIÓN GENERAL DE MEDIO AMBIENTE";"TRANSPORTES";1000,00
17022699;"ADMINISTRACIÓN GENERAL DE MEDIO AMBIENTE";"GASTOS DIVERSOS MEDIO AMBIENTE";15000,00
17022706;"ADMINISTRACIÓN GENERAL DE MEDIO AMBIENTE";"ASISTENCIAS TÉCNICAS, ESTUDIOS Y PROGRAMAS DE M.A. ";20000,00
17023120;"ADMINISTRACIÓN GENERAL DE MEDIO AMBIENTE";"LOCOMOCIÓN PERSONAL";700,00
17062700;"ADMINISTRACIÓN GENERAL DE MEDIO AMBIENTE";"INVERSIONES MEDIO AMBIENTE ";45000,00
17221000;"PROTECCIÓN Y MEJORA DEL MEDIO AMBIENTE";"MANTENIMIENTO PISTA FORESTALES";9000,00
17221900;"PROTECCIÓN Y MEJORA DEL MEDIO AMBIENTE";"REPAR. MANTENIMIENTO Y CONSERV. OTRO INMOVILIZADO MATERIAL";100,00
17222998;"PROTECCIÓN Y MEJORA DEL MEDIO AMBIENTE";"GASTOS VIVERO INSULAR Y CENTRO RECUPERACIÓN DE FAUNA";1000,00
17222701;"PROTECCIÓN Y MEJORA DEL MEDIO AMBIENTE";"ACTUACIONES CONTRA INCENDIOS Y BRIGADAS";1050000,00
17222707;"PROTECCIÓN Y MEJORA DEL MEDIO AMBIENTE";"ASIST. TÉCN. ERRAD. EXÓTICAS, FLORA Y FAUNA EDUC. AMBIENTAL";30000,00
17222709;"PROTECCIÓN Y MEJORA DEL MEDIO AMBIENTE";"PLAN DE CONTROL DE EXÓTICAS";50000,00
17222799;"PROTECCIÓN Y MEJORA DEL MEDIO AMBIENTE";"OTROS TRABAJOS REALIZADOS POR EMPRESAS Y PROFESIONALES";1000,00
17223020;"PROTECCIÓN Y MEJORA DEL MEDIO AMBIENTE";"INDEMNIZACIÓN POR RAZÓN DEL SERVICIO";1000,00
17223300;"PROTECCIÓN Y MEJORA DEL MEDIO AMBIENTE";"INDEMNIZACIÓN INCENDIOS Y EMERGENCIAS";85000,00
17235800;"PROTECCIÓN Y MEJORA DEL MEDIO AMBIENTE";"INTERESES POR OPERACIONES DE ARRENDAMIENTO FINANCIERO (LEASING)";24800,00
17260100;"PROTECCIÓN Y MEJORA DEL MEDIO AMBIENTE";"CENTRO DE VISITANTES CUEVA DE LAS PALOMAS";420000,00
17260200;"PROTECCIÓN Y MEJORA DEL MEDIO AMBIENTE";"CENTRO DE VISITANTES CUEVA DE LAS PALOMAS EQUIPAMIENTO";160000,00
17260201;"PROTECCIÓN Y MEJORA DEL MEDIO AMBIENTE";"CONSTRUCCIÓN ALBERGUES";10000,00
17261100;"PROTECCIÓN Y MEJORA DEL MEDIO AMBIENTE";"INVERSIONES MEDIO AMBIENTE";565000,00
17261101;"PROTECCIÓN Y MEJORA DEL MEDIO AMBIENTE";"INVERSIONES MEDIO AMBIENTE Y SERVICIOS FORESTALES";20000,00
17264800;"PROTECCIÓN Y MEJORA DEL MEDIO AMBIENTE";"CUOTAS NETAS DE INTERESES POR OPERACIONES DE ARRENDAMIENTO FINANCIERO (LEASING)";150000,00
17922611;"OTRAS ACTUACIONES RELACIONADAS CON EL MEDIO AMBIENTE";"DÍAS M. AMBIENTE Y ÁRBOL";700,00
17923300;"OTRAS ACTUACIONES RELACIONADAS CON EL MEDIO AMBIENTE";"GASTO FUNCIONAMIENTO PATRONATO ESPACIOS NATURALES";1000,00
17948100;"OTRAS ACTUACIONES RELACIONADAS CON EL MEDIO AMBIENTE";"PREMIOS INSULARES MEDIO AMBIENTE";2000,00
17948902;"OTRAS ACTUACIONES RELACIONADAS CON EL MEDIO AMBIENTE";"CONVENIO FEDERACIÓN INSULAR DE CAZA COLABORACIÓN EN MATERIA CINEGÉTICA";70300,00
17948903;"OTRAS ACTUACIONES RELACIONADAS CON EL MEDIO AMBIENTE";"CONVENIO SOCIEDADES PROTECTORAS DE ANIMALES";25000,00
17960000;"OTRAS ACTUACIONES RELACIONADAS CON EL MEDIO AMBIENTE";"ADQUISICIÓN TERRENOS ALBERGUE ANIMALES";10000,00
17962700;"OTRAS ACTUACIONES RELACIONADAS CON EL MEDIO AMBIENTE";"ALBERGUES ANIMALES";30000,00
21116102;"PENSIONES";"PREMIO JUBILACIÓN/CONSTANCIA";189900,00
21116103;"PENSIONES";"PENSIONES ";475583,70
21116104;"PENSIONES";"INDEMNIZACIÓN AL PERSONAL LABORAL POR JUBILACIÓN ANTICIPADA";84104,66
21116105;"PENSIONES";"COMPLEMENTO FAMILIAR DE PENSIONISTAS";10000,00
22116008;"OTRAS PREST. ECON A FAVOR EMPLEADOS";"FONDO DE CONTINGENCIA SOCIAL";50000,00
22116200;"OTRAS PREST. ECON A FAVOR EMPLEADOS";"FORMACIÓN DEL PERSONAL";25000,00
22116204;"OTRAS PREST. ECON A FAVOR EMPLEADOS";"ACCIÓN SOCIAL";10000,00
22116205;"OTRAS PREST. ECON A FAVOR EMPLEADOS";"SEGURO COLECTIVO ACUNSA";110000,00
22116206;"OTRAS PREST. ECON A FAVOR EMPLEADOS";"AYUDAS AL ESTUDIO DEL PERSONAL";105000,00
22116400;"OTRAS PREST. ECON A FAVOR EMPLEADOS";"COMPLEMENTO FAMILIAR";40000,00
22148900;"OTRAS PREST. ECON A FAVOR EMPLEADOS";"APORTACIÓN REPRESENTANTES SINDICALES ";26613,90
23012000;"ADMINISTRACIÓN GENERAL DE SERVICIOS SOCIALES";"SUELDOS GRUPO A1";45695,14
23012001;"ADMINISTRACIÓN GENERAL DE SERVICIOS SOCIALES";"SUELDOS GRUPO A2";39854,04
23012003;"ADMINISTRACIÓN GENERAL DE SERVICIOS SOCIALES";"SUELDOS GRUPO C1";10077,59
23012004;"ADMINISTRACIÓN GENERAL DE SERVICIOS SOCIALES";"SUELDOS GRUPO C2";33870,82
23012006;"ADMINISTRACIÓN GENERAL DE SERVICIOS SOCIALES";"TRIENIOS";19076,20
23012100;"ADMINISTRACIÓN GENERAL DE SERVICIOS SOCIALES";"COMPLEMENTO DE DESTINO";82366,90
23012101;"ADMINISTRACIÓN GENERAL DE SERVICIOS SOCIALES";"COMPLEMENTO ESPECÍFICO";103780,32
23012103;"ADMINISTRACIÓN GENERAL DE SERVICIOS SOCIALES";"OTROS COMPLEMENTOS";69666,08
23013000;"ADMINISTRACIÓN GENERAL DE SERVICIOS SOCIALES";"RETRIBUCIONES BÁSICA PERSONAL LABORAL FIJO";183334,51
23013002;"ADMINISTRACIÓN GENERAL DE SERVICIOS SOCIALES";"OTRAS REMUNERACIONES PERSONAL LABORAL FIJO";278013,07
23013102;"ADMINISTRACIÓN GENERAL DE SERVICIOS SOCIALES";" RETRIBUCIONES PERSONAL LABORAL TEMPORAL MUJERES VÍCTIMAS VIOLENCIA";228452,21
23013104;"ADMINISTRACIÓN GENERAL DE SERVICIOS SOCIALES";" RETRIB. PERSONAL LABORAL TEMPORAL ATENCIÓN SOC-SANIT ÁREA DISCAP.";486452,16
23015000;"ADMINISTRACIÓN GENERAL DE SERVICIOS SOCIALES";"PRODUCTIVIDAD";4307,44
23016000;"ADMINISTRACIÓN GENERAL DE SERVICIOS SOCIALES";"SEGURIDAD SOCIAL";492512,36
23022000;"ADMINISTRACIÓN GENERAL DE SERVICIOS SOCIALES";"MATERIAL DE OFICINA ORDINARIO NO INVENTARIABLE";1000,00
23022001;"ADMINISTRACIÓN GENERAL DE SERVICIOS SOCIALES";"PRENSA, REVISTAS, LIBROS Y OTRAS PUBLICACIONES";100,00
23022300;"ADMINISTRACIÓN GENERAL DE SERVICIOS SOCIALES";"TRANSPORTES Y MENSAJERÍAS";200,00
23022602;"ADMINISTRACIÓN GENERAL DE SERVICIOS SOCIALES";"PUBLICIDAD Y PROPAGANDA";1000,00
23062700;"ADMINISTRACIÓN GENERAL DE SERVICIOS SOCIALES";"INVERSIONES SERVICIOS SOCIALES";5000,00
23122608;"ACCIÓN SOCIAL";"GASTOS PROGR ""VIDA ACTIVA"" PARA MAYORES";19000,00
23122610;"ACCIÓN SOCIAL";"GASTOS CORRIENTES TUTELAS Y CURATELAS";68000,00
23122615;"ACCIÓN SOCIAL";"PLAN ATENC. SOCIO-SANIT. ÁREA DISCAP";211000,00
23122616;"ACCIÓN SOCIAL";"MUJERS VÍCTIMAS VIOLENCIA Y PROTECC. INTEGRAL MUJERES";117510,00
23122617;"ACCIÓN SOCIAL";"PROGRAMA DE PREPARACIÓN PARA LA VIDA INDEPENDIENTES DE JOVENES";1000,00
23122707;"ACCIÓN SOCIAL";"PRESTACIÓN DE SERVICIO DE MEDIACIÓN FAMILIAR, INTERVENCIÓN FAMILIAR Y PUNTOS DE ENCUENTRO";20000,00
23122709;"ACCIÓN SOCIAL";"PRESTACIÓN SERVICIOS MENORES";775000,00
23122710;"ACCIÓN SOCIAL";"PRESTACIÓN SERVICIOS RESPIRO FAMILIAR MENORES";88500,00
23122711;"ACCIÓN SOCIAL";"PRESTACIÓN SERV. ATENCIÓN PLAYAS PERSONAS";25000,00
23122712;"ACCIÓN SOCIAL";"PRESTACIÓN SERV. PERSONAS DISCAPACIDAD MUSICOTERAPIA";22000,00
23122713;"ACCIÓN SOCIAL";"PRESTACIÓN SERV. ACCESIBILIDAD BIENES, INMUEBLES Y OBRAS";18000,00
23146200;"ACCIÓN SOCIAL";"CONVENIO AYTOS. AL PLAN INTEGRAL DEL MENOR";100000,00
23146204;"ACCIÓN SOCIAL";"AYUDA FOMENTO INSERCIÓN LABORAL PERSONAS CON DISCAPACIDAD";12000,00
23148000;"ACCIÓN SOCIAL";"ATENCIONES ECONÓMICAS A MAYORES";40000,00
23148001;"ACCIÓN SOCIAL";"AYUDAS DE EMERGENCIA SOCIAL";400000,00
23148002;"ACCIÓN SOCIAL";"CONVENIO ASOCIACIÓN ESPAÑOLA CONTRA EL CANCER. ATENCIÓN INTEGRAL A LOS PACIENTES ONCOLÓGICOS DE LA PALMA";20000,00
23148004;"ACCIÓN SOCIAL";"PLAN GERONTOLÓGICO-AYUDA ASOC./CENTRO MAYORES";85000,00
23148006;"ACCIÓN SOCIAL";"AYUDAS EC.-FONDO DE EMERGENCIA SOCIAL MUJER";17533,00
23148007;"ACCIÓN SOCIAL";"AYUDAS ECONÓMICAS A LAS ASOC,INSTITUC Y ENTIDADES SIN ANIMO DE LUCRO QUE REALICEN PROYECTOS DE CARÁCTER SOCIAL";28000,00
23148008;"ACCIÓN SOCIAL";"CONV. ASOC. ADFILPA. ATENCIÓN INTEGRAL A PRESONAS CON DISCAPACIDAD FÍSICA";47233,34
23148009;"ACCIÓN SOCIAL";"CONV. AFA-LA PALMA. ATENCIÓN INTEGRAL A PERSONAS CON ALZHEIMER Y DEMENCIA";67582,17
23148010;"ACCIÓN SOCIAL";"CONVENIO ASOCIACIÓN AFEM. ATENCIÓN INTEGRAL A PERSONAS CON ENFERMEDAD MENTAL";34936,52
23148011;"ACCIÓN SOCIAL";"CONVENIO AMPA EL DORADOR. ATENCIÓN INTEGRAL A PERSONAS CON DISCAPACIDAD INTELECTUAL Y FÍSICA";4078,54
23148012;"ACCIÓN SOCIAL";"CONVENIO ASOCIACIÓN BESAY. ATENCIÓN INTEGRAL A NIÑOS/AS CON NECESIDADES EDUCATIVAS ESPECIALES ";22882,75
23148013;"ACCIÓN SOCIAL";"CONVENIO CENTRO ESPECIAL DE EMPLEO DESTILADERA. ATENCIÓN INTEGRAL PERSONAS DISCAPACIDAD INTELECTUAL ";48903,30
23148014;"ACCIÓN SOCIAL";"CONVENIO FUNCASOR LA PALMA. ATENCIÓN INTEGRAL A PERSONAS SORDAS";66414,92
23148015;"ACCIÓN SOCIAL";"CONVENIO ASOC. NIÑOS ESPECIALES DE LA PALMA. ATENCIÓN INTEGRAL A PERSONAS DISCAPC INTELECTURAL Y FIS";48485,78
23148016;"ACCIÓN SOCIAL";"CONVENIO ASOC. PADISBALTA. ATENCIÓN INTEGRAL A PERSONAS CON DISCAPACIDAD INTELECTUAL ";43482,67
23148017;"ACCIÓN SOCIAL";"CONVENIO FUNDACIÓN TABURIENTE. ATENCIÓN INTEGRAL A PERSONAS CON DISCAPACIDAD INTELECTUAL";1000,00
23148101;"ACCIÓN SOCIAL";"PREMIOS ACCIÓN SOCIAL";2400,00
23148802;"ACCIÓN SOCIAL";"PROGRAMA DE INCLUSIÓN SOCIAL";50000,00
23148900;"ACCIÓN SOCIAL";"CONVENIO INDISPAL ACTUACIONES PARA DESARROLLO INTEGRAL PERSONAS CON DISCAPACIDAD";33000,00
23148901;"ACCIÓN SOCIAL";"CONVENIO RADIO ECCA. ACTUACIONES DESARROLLO INTEGRAL FAMILIA SITUAC. RIESGO O VULNERABILIDAD SOCIAL";15000,00
23148902;"ACCIÓN SOCIAL";"SUBV. HERMANAS DE LA CRUZ GASTOS CORRIENTES";5000,00
23148903;"ACCIÓN SOCIAL";"CONVENIO CRUZ ROJA. POTENCIACIÓN SERV. TELEASISTENCIA DOMICILIARIA ISLA DE LA PALMA";18000,00
23148904;"ACCIÓN SOCIAL";"CONVENIO ADFILPA ELIMINACIÓN DE BARRERAS ARQUITECTONICAS, DE COMUNICACIÓN Y LA NORMALIZACIÓN";21000,00
23148905;"ACCIÓN SOCIAL";"CONV. ASOC. PLENA INCLUSIÓN CANARIAS. APOYO A LA VIDA INDEPENDIENTE PERSONAS DISCAPACIDAD INTELECTUAL";10000,00
23148906;"ACCIÓN SOCIAL";"CONVENIO ASOCIACIÓN PARKINSON ACTUACIÓN INTEGRAL ENFERMOS PARKINSON EN LA PALMA";10000,00
23148907;"ACCIÓN SOCIAL";"CONVENIO PEQUEÑO VALIENTE. ATENCIÓN INTEGRAL A NIÑOS Y NIÑAS TRATAMIENTO ONCOLÓGICO EN LA PALMA";3000,00
23148908;"ACCIÓN SOCIAL";"CONVENIO ASOCIACIÓN NIÑOS ESPECIALES DE LA PALMA. SERVICIO DE ESTIMULACIÓN TEMPRANA";14400,00
23148909;"ACCIÓN SOCIAL";"COLABORACIÓN CÁRITAS GASTOS CORRIENTES";10000,00
23148911;"ACCIÓN SOCIAL";"SUBV. ASOC. FAMILIARES DE ALZEHEIMER ISLA DE LA PALMA FORMACIÓN ALZEHEIMER EN CENTRO DE MAYORES ISLA";14400,00
23148912;"ACCIÓN SOCIAL";"SUBV. ACTIVIDADES DE SENSIBILIZACIÓN";12000,00
23149000;"ACCIÓN SOCIAL";"AYUDA A OTROS PUEBLOS";9000,00
23149001;"ACCIÓN SOCIAL";"ASOC. EDUCACIÓN-ALIMENTACIÓN-SANIDAD (EDUCAS), ATENCIÓN INTEGRAL A JÓVENES MARGINADOS EN FILIPINAS";1600,00
23162702;"ACCIÓN SOCIAL";"INV. SISTEMA SOCIAL PREVENCIÓN Y PROTECCIÓN INTEGRAL MUJERES";1000,00
23178900;"ACCIÓN SOCIAL";"SUBV. RADIO ECCA PARA INNOVACIÓN TECNÓLOGICA Y ADQUISICIÓN INFRAESTRUCTURA";55000,00
23178901;"ACCIÓN SOCIAL";"SUBV. ASOC. ESPAÑOLA CONTRA EL CANCER, AYUDAS TÉCNICAS PRÉSTAMOS ENFERMOS ONCÓLOGICOS";4686,00
23178902;"ACCIÓN SOCIAL";"SUBV. FUNDACIÓN ISONORTE ADQUISICIÓN CONTENEDRORES PARA REALIZAR RECICLAJE ELEMENTOS TEXTILES ISLA";20000,00
23178903;"ACCIÓN SOCIAL";"SUBV. PARROQUIA DE EL PILAR Y SANTIAGO EN S/C DE LA PALMA CONSTRUCCIÓN CENTRO ATENCIÓN SOCIAL";20000,00
23178904;"ACCIÓN SOCIAL";"SUBV. FUNCASOR ADQUISICIÓN MOBILIARIO";10000,00
23222606;"PROMOCIÓN SOCIAL";"REUNIONES, CONFERENCIAS Y CURSOS";1500,00
23222612;"PROMOCIÓN SOCIAL";"ACTIVIDADES DIVERSAS ACCIÓN SOCIAL";9200,00
23322703;"ASISTENCIA PERSONAS DEPENDIENTES";"PRESTACIÓN SERVICIOS CENTRO PERSONAS CON DISCAPACIDAD";2100000,00
23322709;"ASISTENCIA PERSONAS DEPENDIENTES";"PRESTACIÓN SERVICIO CENTRO DEL DÍA ALZHEIMER";160000,00
23346203;"ASISTENCIA PERSONAS DEPENDIENTES";"CONVENIO AYTO. GARAFÍA RESID. MAYORES SOR JOSEFA ARGOTE GASTOS FUNCIONAMIENTO";216408,76
23346204;"ASISTENCIA PERSONAS DEPENDIENTES";"CONVENIO AYTO. SAN ANDRÉS Y SAUCES RESIDENCIA MAYORES GASTOS FUNCIONAMIENTO";182238,95
23346205;"ASISTENCIA PERSONAS DEPENDIENTES";"CONVENIO AYTO. LOS LLANOS INTERVENCIÓN DEMENCIAS Y ALZHEIMER";33900,00
23346206;"ASISTENCIA PERSONAS DEPENDIENTES";"CONVENIO AYTO. LOS LLANOS DE ARIDANE. CENTRO DIA MAYORES, GASTOS MANTENIM";157419,98
23346207;"ASISTENCIA PERSONAS DEPENDIENTES";"CONVENIO AYTO. PUNTALLANA TALLER INTEGRACIÓN PERSONAS CON DISCAPACIDAD";18000,00
23346208;"ASISTENCIA PERSONAS DEPENDIENTES";"CONVENIO AYTO. LOS LLANOS AYTO. INTEGRACIÓN SOCIO LABORAL ENFERMOS MENTALES";25000,00
23346209;"ASISTENCIA PERSONAS DEPENDIENTES";"CONVENIO AYTO. S/C DE LA PALMA ESTIMULACIÓN PRECOZ";18691,00
23346210;"ASISTENCIA PERSONAS DEPENDIENTES";"CONVENIO AYUNTAMIENTOS APOYO AL SERVICIO DE AYUDA A DOMICILIO";110000,00
23346211;"ASISTENCIA PERSONAS DEPENDIENTES";"CONVENIO AYTO TAZACORTE-RESIDENCIA MAYORES GASTOS MANTENIMIENTO";159459,08
23346212;"ASISTENCIA PERSONAS DEPENDIENTES";"CONVENIO AYTO.PUNTAGORDA RESIDENCIA DE MAYORES GASTOS MANTENIMIENTO";318918,17
23346213;"ASISTENCIA PERSONAS DEPENDIENTES";"CONVENIO AYTO.TIJARAFE CTRO.DE ESTANCIA DIURNA GASTOS MANTENIMIENTO";136430,65
23346214;"ASISTENCIA PERSONAS DEPENDIENTES";"CONVENIO AYTO. BREÑA ALTA RESID.PERSONAS CON DISCAPAC.NINA JAUBERT GASTOS MANTENIMIENTO";215012,00
23346215;"ASISTENCIA PERSONAS DEPENDIENTES";"CONVENIO AYTO.B.ALTA CENTRO OCUPACIONAL GASTOS MANTENIMIENTO";186620,00
23346216;"ASISTENCIA PERSONAS DEPENDIENTES";"CONVENIO AYTO.MAZO CENTRO OCUPACIONAL GASTO MANTENIMIENTO";63984,00
23346217;"ASISTENCIA PERSONAS DEPENDIENTES";"CONVENIO AYTO. VILLA DE MAZO CENTRO DE DIA MAYORES GASTOS MANTENIMIENTO";17491,11
23346218;"ASISTENCIA PERSONAS DEPENDIENTES";"CONVENIO AYTO. VILLA DE MAZO RESIDENCIA MAYORES GASTOS MANTENIMIENTO";136679,21
23346219;"ASISTENCIA PERSONAS DEPENDIENTES";"CONVENIO AYTO. BREÑA ALTA RESIDENCIA MAYORES NINA JAUBERT GASTOS MANTENIMIENTO";296138,30
23346220;"ASISTENCIA PERSONAS DEPENDIENTES";"CONVENIO AYTO. FUENCALIENTE RESIDENCIA DE MAYORES GASTO MANTENIMIENTO";193628,89
23346221;"ASISTENCIA PERSONAS DEPENDIENTES";"CONVENIO AYTO. BREÑA ALTA HOGAR FUNCIONAL GASTOS MANTENIMIENTO";81940,00
23346222;"ASISTENCIA PERSONAS DEPENDIENTES";"CONVENIO AYTO. TAZACORTE. CENTRO DE DIA MAYORES GASTOS MANTENIMIENTO";41979,92
23346223;"ASISTENCIA PERSONAS DEPENDIENTES";"CONVENIO AYTO. PUNTALLANA RESIDENCIA MAYORES GASTOS MANTENIMIENTO";445804,60
23348904;"ASISTENCIA PERSONAS DEPENDIENTES";"CONVENIO FUNDACIÓN CANARIA TABURIENTE ESPECIAL CTRO.OCUPAC.TABURIENTE GASTO MANTENIMIENTO";149296,00
23348905;"ASISTENCIA PERSONAS DEPENDIENTES";"CONVENIO FUNDACIÓN ISONORTE CENTRO OC.LA TRAVIESA GASTO MANTENIMIENTO";63984,00
23348906;"ASISTENCIA PERSONAS DEPENDIENTES";"CONVENIO FUNDACIÓN ISONORTE CENTRO OC.LA TISERA GASTO MANTENIMIENTO";149296,00
23348907;"ASISTENCIA PERSONAS DEPENDIENTES";"CONVENIO FUNDACIÓN CANARIA SOLIDARIDAD LA PALMA. RESID. MAYORES LOS LLANOS GASTOS MANTENIMIENTO";136679,21
23348908;"ASISTENCIA PERSONAS DEPENDIENTES";"CONVENIO ASOC. NIÑOS ESPECIALES DE LA PALMA. CENTRO DE DÍA DISCAPACIDAD";132023,00
23362201;"ASISTENCIA PERSONAS DEPENDIENTES";"RESIDENCIA Y CENTRO DE DÍA DE MAYORES EN LOS LLANOS DE ARIDANE";120000,00
23362700;"ASISTENCIA PERSONAS DEPENDIENTES";"CENTRO SOCIOSANITARIO LAS NIEVES - ALZHEIMER";125000,00
23362701;"ASISTENCIA PERSONAS DEPENDIENTES";"INV. PLAN ATENC. SOCIO-SANIT. DISCAPACIDAD";5000,00
23365000;"ASISTENCIA PERSONAS DEPENDIENTES";"CONSTRUCCIÓN RESIDENCIA MAYORES DE GARAFÍA";107394,03
23376201;"ASISTENCIA PERSONAS DEPENDIENTES";"SUBV. AYTO. DE TIJARAFE RESIDENCIA";250000,00
23376202;"ASISTENCIA PERSONAS DEPENDIENTES";"SUBV. AYTO. BARLOVENTO CENTRO DE DIA ";84250,00
23376204;"ASISTENCIA PERSONAS DEPENDIENTES";"SUBV. AYTO. BREÑA ALTA FINALIZACIÓN CENTRO DE DÍA";50000,00
23376205;"ASISTENCIA PERSONAS DEPENDIENTES";"SUBV. AYTO. SAN ANDRÉS Y SAUCES RESIDENCIA MAYORES";150000,00
23512001;"RESIDENCIAS DE PENSIONISTAS";"SUELDOS GRUPO A2";13284,68
23512100;"RESIDENCIAS DE PENSIONISTAS";"COMPLEMENTO DE DESTINO";7726,32
23512101;"RESIDENCIAS DE PENSIONISTAS";"COMPLEMENTO ESPECÍFICO";8189,02
23512103;"RESIDENCIAS DE PENSIONISTAS";"OTROS COMPLEMENTOS";5252,65
23513000;"RESIDENCIAS DE PENSIONISTAS";" RETRIBUCIONES BÁSICAS PERSONAL LABORAL FIJO";1080523,85
23513002;"RESIDENCIAS DE PENSIONISTAS";"OTRAS REMUNERACIONES PERSONAL LABORAL FIJO";1661602,26
23513100;"RESIDENCIAS DE PENSIONISTAS";"RETRIBUCIONES PERSONAL LABORAL TEMPORAL";595000,00
23515000;"RESIDENCIAS DE PENSIONISTAS";"PRODUCTIVIDAD";20507,16
23515100;"RESIDENCIAS DE PENSIONISTAS";"GRATIFICACIONES ";127554,98
23516000;"RESIDENCIAS DE PENSIONISTAS";"SEGURIDAD SOCIAL";1134167,62
23522105;"RESIDENCIAS DE PENSIONISTAS";"PRODUCTOS ALIMENTICIOS";305000,00
23522699;"RESIDENCIAS DE PENSIONISTAS";"OTROS GASTOS DIVERSOS";255000,00
23562500;"RESIDENCIAS DE PENSIONISTAS";"MOBILIARIO Y ENSERES";15000,00
24112000;"FOMENTO DE EMPLEO";"SUELDOS GRUPO A1";15231,71
24112004;"FOMENTO DE EMPLEO";"SUELDOS GRUPO C2";8467,70
24112006;"FOMENTO DE EMPLEO";"TRIENIOS";4526,54
24112100;"FOMENTO DE EMPLEO";"COMPLEMENTO DE DESTINO";17035,06
24112101;"FOMENTO DE EMPLEO";"COMPLEMENTO ESPECÍFICO";24046,40
24112103;"FOMENTO DE EMPLEO";"OTROS COMPLEMENTOS FUNCIONARIOS";14153,44
24113000;"FOMENTO DE EMPLEO";"RETRIBUCIONES BÁSICAS PERSONAL LABORAL FIJO";110493,06
24113002;"FOMENTO DE EMPLEO";"OTRAS REMUNERACIONES PERSONAL LABORAL FIJO";176807,47
24114301;"FOMENTO DE EMPLEO";"RETRIBUCIONES CONVENIO SCE GARANTÍA JUVENIL";406911,00
24114302;"FOMENTO DE EMPLEO";"RETRIBUCIONES OTROS PROYECTOS DE EMPLEO";20000,00
24115000;"FOMENTO DE EMPLEO";"PRODUCTIVIDAD ";1498,24
24116000;"FOMENTO DE EMPLEO";"SEGURIDAD SOCIAL";152132,00
24121400;"FOMENTO DE EMPLEO";"REPARACIÓN Y MANTENIMIENTO VEHÍCULOS";3000,00
24122000;"FOMENTO DE EMPLEO";"MATERIAL DE OFICINA";300,00
24122103;"FOMENTO DE EMPLEO";"COMBUSTIBLES";500,00
24122300;"FOMENTO DE EMPLEO";"TRANSPORTES Y MENSAJERÍA";150,00
24122502;"FOMENTO DE EMPLEO";"TRIBUTOS VEHÍCULOS";900,00
24122603;"FOMENTO DE EMPLEO";"PUBLICACIONES EN DIARIOS OFICIALES";300,00
24122611;"FOMENTO DE EMPLEO";"CURSOS FORMACIÓN OCUPACIONAL ";11000,00
24122617;"FOMENTO DE EMPLEO";"GASTOS CORRIENTES PROGRAMA SCE GARANTÍA JUVENIL";45000,00
24122618;"FOMENTO DE EMPLEO";"LA ESCUELA EMPRENDE";5000,00
24122619;"FOMENTO DE EMPLEO";"HUERTOS ESCOLARES Y URBANOS";15000,00
24122620;"FOMENTO DE EMPLEO";"ACTUACIONES INTEGRALES (LA PALMA LOCAL) - FEDER";5000,00
24122621;"FOMENTO DE EMPLEO";"LA ESCUELA DE EMPRENDEDORES";20000,00
24122622;"FOMENTO DE EMPLEO";"FERIA INSULAR SALDOS";12000,00
24122699;"FOMENTO DE EMPLEO";"OTROS GASTOS DIVERSOS";10650,00
24135200;"FOMENTO DE EMPLEO";"INTERESES DE DEMORA EMPLEO";3000,00
24147000;"FOMENTO DE EMPLEO";"SUBV. FOMENTO A LA CONTRATACIÓN LABORAL CONVOCATORIA 2017";140000,00
24147001;"FOMENTO DE EMPLEO";"SUBV. FOMENTO A LA CONTRATACIÓN LABORAL TITULADOS UNIVERSITARIOS CONVENIO IAC";75000,00
24148900;"FOMENTO DE EMPLEO";"SUBV. A ENTIDADES SIN ÁNIMO DE LUCRO PARA PROYECTOS GENERADORES DE EMPLEO";90000,00
24148902;"FOMENTO DE EMPLEO";"SUBV. FUNCASOR PROYECTO CAMINO AL EMPLEO 2017";35000,00
24148903;"FOMENTO DE EMPLEO";"SUBV. ISONORTE ITINERARIO INSERCIÓN LABORAL PENITENCIARIO LA PALMA";17400,00
24162600;"FOMENTO DE EMPLEO";"EQUIPOS PARA PROCESOS DE INFORMACIÓN";1100,00
24162702;"FOMENTO DE EMPLEO";"ADQUISICIÓN OTROS BIENES INVENTARIABLES EMPLEO";1000,00
24162703;"FOMENTO DE EMPLEO";"OTRAS INVERSIONES EMPLEO";300,00
24177000;"FOMENTO DE EMPLEO";"SUBVENCIONES PUESTA EN MARCHA DE INICIATIVAS EMPRESARIALES";130000,00
31212000;"HOSPITAL DE DOLORES";"SUELDOS GRUPO A1";76158,57
31212001;"HOSPITAL DE DOLORES";"SUELDOS GRUPO A2";106277,44
31212004;"HOSPITAL DE DOLORES";"SUELDOS GRUPO C2";220160,30
31212006;"HOSPITAL DE DOLORES";"TRIENIOS";101343,27
31212100;"HOSPITAL DE DOLORES";"COMPLEMENTO DE DESTINO";257771,22
31212101;"HOSPITAL DE DOLORES";"COMPLEMENTO ESPECÍFICO";299443,48
31212103;"HOSPITAL DE DOLORES";"OTROS COMPLEMENTOS";240711,49
31213000;"HOSPITAL DE DOLORES";"RETRIBUCIONES BÁSICAS LABORALES HOSPITAL";895532,46
31213002;"HOSPITAL DE DOLORES";"OTRAS REMUNERACIONES PERSONAL LABORAL FIJO";1351276,50
31213100;"HOSPITAL DE DOLORES";"HOSPITAL SUSTITUCIONES VACACIONES E ILT";200000,00
31215000;"HOSPITAL DE DOLORES";"PRODUCTIVIDAD";25715,18
31215100;"HOSPITAL DE DOLORES";"GRATIFICACIONES Y FESTIVOS LABORAL";182341,60
31216000;"HOSPITAL DE DOLORES";"SEGURIDAD SOCIAL";1500000,00
31221300;"HOSPITAL DE DOLORES";"CONSERVACIÓN MAQUINARIA HOSPITAL";5000,00
31221400;"HOSPITAL DE DOLORES";"MATERIAL DE TRANSPORTE HOSPITAL";800,00
31221500;"HOSPITAL DE DOLORES";"REPARACIÓN MOBILIARIOS Y ENSERES HOSPITAL";6000,00
31221900;"HOSPITAL DE DOLORES";"REPARACIONES HOSPITAL";8000,00
31222000;"HOSPITAL DE DOLORES";"MATERIAL DE OFICINA ";950,00
31222002;"HOSPITAL DE DOLORES";"MATERIAL INFORMÁTICO NO INVENTARIABLE";600,00
31222102;"HOSPITAL DE DOLORES";"GAS HOSPITAL";10000,00
31222103;"HOSPITAL DE DOLORES";"COMBUSTIBLES Y CARBURANTES HOSPITAL";1200,00
31222104;"HOSPITAL DE DOLORES";"SUMINISTRO VESTUARIO HOSPITAL";8000,00
31222105;"HOSPITAL DE DOLORES";"PRODUCTOS ALIMENTICIOS HOSPITAL";205000,00
31222106;"HOSPITAL DE DOLORES";"PRODUCTOS FARMACÉUTICOS HOSPITAL";315000,00
31222110;"HOSPITAL DE DOLORES";"PRODUCTOS DE LIMPIEZA Y ASEO HOSPITAL";35000,00
31222300;"HOSPITAL DE DOLORES";"TRANSPORTES Y MENSAJERÍA";100,00
31222610;"HOSPITAL DE DOLORES";"TERAPIA OCUPACIONAL Y ACTIVIDADES HOSPITAL";2500,00
31222699;"HOSPITAL DE DOLORES";"OTROS GASTOS DIVERSOS HOSPITAL";45000,00
31262500;"HOSPITAL DE DOLORES";"ADQUISIC. MOBILIARIO Y ENSERES";40000,00
31262501;"HOSPITAL DE DOLORES";"ADQUISICIÓN OTROS BIENES INVENTARIABLES";40000,00
31262700;"HOSPITAL DE DOLORES";"NUEVO HOSPITAL CENTRO SOCIOSANITARIO LAS NIEVES";150000,00
31262702;"HOSPITAL DE DOLORES";"OBRA ACONDICIONAMIENTO SALUD MENTAL Y LARGA ESTANCIA HOSPITAL DE DOLORES";50000,00
31348900;"ACCIONES PÚBLICAS RELATIVAS A LA SALUD";"ASOCIACIÓN PALMERA TRATAMIENTO Y PREVENCIÓN TOXICOMANÍA";44000,00
32148900;"EDUCACIÓN PREESCOLAR Y PRIMARIA";"SUBV. COLECTIVO ESCUELAS UNITARIAS ZONA ESTE LA PALMA. ROMERÍA DEL DÍA DE CANARIAS";2500,00
32148901;"EDUCACIÓN PREESCOLAR Y PRIMARIA";"SUBV. PROYECTOS AMPAS POR PARTICIPACIÓN EN EVENTOS EDUCATIVOS";6000,00
32148902;"EDUCACIÓN PREESCOLAR Y PRIMARIA";"SUBV. COLECTIVO ESCUELAS UNITARIAS VALLE DE ARIDANE";2500,00
32648100;"SERVICIOS COMPLEMENTARIOS DE EDUCACIÓN";"AYUDAS AL ESTUDIO Y ENSEÑANZA 2016/2017";360000,00
32648101;"SERVICIOS COMPLEMENTARIOS DE EDUCACIÓN";"AYUDAS ESTUDIANTES EN LAS RESIDENCIA/COLEGIOS ULL Y ULPG";130000,00
32648102;"SERVICIOS COMPLEMENTARIOS DE EDUCACIÓN";"BECAS DE INMERSIÓN LINGÜÍSTICA";120000,00
32822001;"PROMOCIÓN EDUCATIVA";"LIBROS ESCUELA ENFERMERÍA ";2500,00
32822603;"PROMOCIÓN EDUCATIVA";"PUBLICACION EN DIARIOS OFICIALES";500,00
32822606;"PROMOCIÓN EDUCATIVA";"CURSOS DE FORMACIÓN EDUCATIVA";18000,00
32822608;"PROMOCIÓN EDUCATIVA";"ACTIVIDADES EDUCATIVAS";6000,00
32822610;"PROMOCIÓN EDUCATIVA";"CONVENIO COLABORACIÓN ULL GRADUADO EN ARQUITECTURA TÉCNICA";6000,00
32822611;"PROMOCIÓN EDUCATIVA";"CONVENIO COLABORACIÓN ULL MÁSTER EN DESARROLLO REGIONAL";6000,00
32822699;"PROMOCIÓN EDUCATIVA";"OTROS GASTOS DIVERSOS";1500,00
32825000;"PROMOCIÓN EDUCATIVA";"IMPLANTACIÓN NUEVAS TITULACIONES 2016-2017";30000,00
32841000;"PROMOCIÓN EDUCATIVA";" APORTACIÓN A LA ESCUELA INSULAR DE MÚSICA ";1030000,00
32842400;"PROMOCIÓN EDUCATIVA";"SUBVENCIÓN UNED LA PALMA GASTOS FUNCIONAMIENTO";210000,00
32848900;"PROMOCIÓN EDUCATIVA";"SUBV. FUNDACION DR. MORALES BECAS";2500,00
32848902;"PROMOCIÓN EDUCATIVA";"SUBV. SOCIEDAD ESPAÑOLA DE ESTUDIOS CLÁSICOS ORGANIZACIÓN VELADAS CLÁSICAS";3000,00
32862501;"PROMOCIÓN EDUCATIVA";"ADQUISICIÓN OTROS BIENES INVENTARIABLES";2000,00
32862600;"PROMOCIÓN EDUCATIVA";"EQUIPOS PARA PROCESOS DE INFORMACIÓN";1000,00
32862701;"PROMOCIÓN EDUCATIVA";"INVERSIONES INSTALACIONES EDUCACIÓN";6000,00
32862702;"PROMOCIÓN EDUCATIVA";"REDACCIÓN PROYECTO ESCUELA INSULAR DE MÚSICA";60000,00
33012000;"ADMINISTRACIÓN GENERAL CULTURA";"SUELDOS GRUPO A1";45695,14
33012001;"ADMINISTRACIÓN GENERAL CULTURA";"SUELDOS GRUPO A2";66423,40
33012004;"ADMINISTRACIÓN GENERAL CULTURA";"SUELDOS GRUPO C2";25403,11
33012006;"ADMINISTRACIÓN GENERAL CULTURA";"TRIENIOS";33336,36
33012100;"ADMINISTRACIÓN GENERAL CULTURA";"COMPLEMENTO DE DESTINO";87092,88
33012101;"ADMINISTRACIÓN GENERAL CULTURA";"COMPLEMENTO ESPECÍFICO";111160,28
33012103;"ADMINISTRACIÓN GENERAL CULTURA";"OTROS COMPLEMENTOS";84059,87
33013000;"ADMINISTRACIÓN GENERAL CULTURA";"RETRIBUCIONES BÁSICAS PERSONAL LABORAL FIJO";155995,93
33013002;"ADMINISTRACIÓN GENERAL CULTURA";"OTRAS REMUNERACIONES";231040,04
33015000;"ADMINISTRACIÓN GENERAL CULTURA";"PRODUCTIVIDAD";4307,44
33016000;"ADMINISTRACIÓN GENERAL CULTURA";"SEGURIDAD SOCIAL";228584,32
33022000;"ADMINISTRACIÓN GENERAL CULTURA";"CULTURA MATERIAL DE OFICINA";1000,00
33022001;"ADMINISTRACIÓN GENERAL CULTURA";"PRENSA, REVISTAS, LIBROS Y PUBLICACIONES";2000,00
33022003;"ADMINISTRACIÓN GENERAL CULTURA";"SUMINISTRO MATERIAL CULTURA";2000,00
33022300;"ADMINISTRACIÓN GENERAL CULTURA";"TRANSPORTES Y MENSAJERÍA";3000,00
33022602;"ADMINISTRACIÓN GENERAL CULTURA";"PUBLICIDAD Y PROPAGANDA CULTURA";6000,00
33022603;"ADMINISTRACIÓN GENERAL CULTURA";"PUBLICACIONES EN DIARIOS OFICIALES";1500,00
33022699;"ADMINISTRACIÓN GENERAL CULTURA";"GASTOS DIVERSOS CULTURA";8000,00
33022706;"ADMINISTRACIÓN GENERAL CULTURA";"FONDO PUBLICACIONES CABILDO INSULAR";15000,00
33222000;"BIBLIOTECAS Y ARCHIVOS";"MATERIAL DE OFICINA ";500,00
33222001;"BIBLIOTECAS Y ARCHIVOS";"PRENSA, REVISTAS, LIBROS Y OTROS";5890,00
33222107;"BIBLIOTECAS Y ARCHIVOS";"MATERIAL DE TRABAJO ARCHIVERO";500,00
33222700;"BIBLIOTECAS Y ARCHIVOS";"TRATAMIENTO DE PLAGAS";3750,00
33246201;"BIBLIOTECAS Y ARCHIVOS";"SUBVENCIÓN BIBLIOTECAS MUNICIPALES ";30000,00
33248900;"BIBLIOTECAS Y ARCHIVOS";"LA COSMOLÓGICA APORTACIÓN GASTOS FUNCIONAMIENTO";25000,00
33322000;"EQUIPAMIENTOS CULTURALES Y MUSEOS";"MATERIAL DE OFICINA";500,00
33322104;"EQUIPAMIENTOS CULTURALES Y MUSEOS";"UNIFORME PERSONAL MUSEOS";1000,00
33322610;"EQUIPAMIENTOS CULTURALES Y MUSEOS";"GASTOS DIVERSOS CENTRO DE VISITANTES EL TENDAL";2500,00
33322611;"EQUIPAMIENTOS CULTURALES Y MUSEOS";"ACTOS X ANIVERSARIO MUSEO ARQUEOLÓGICO";8000,00
33322699;"EQUIPAMIENTOS CULTURALES Y MUSEOS";"OTROS GASTOS DIVERSOS MUSEOS";6000,00
33322706;"EQUIPAMIENTOS CULTURALES Y MUSEOS";"ESTUDIOS Y TRABAJOS TÉCNICOS";2000,00
33322707;"EQUIPAMIENTOS CULTURALES Y MUSEOS";"ELABORACIÓN INVENTARIO MUSEO ARQUEOLÓGICO";2000,00
33348901;"EQUIPAMIENTOS CULTURALES Y MUSEOS";"SUBVENCIÓN ORDEN FRANCISCANA SEGLAR GASTOS FUNCIONAMIENTO";2280,00
33360100;"EQUIPAMIENTOS CULTURALES Y MUSEOS";"MIRADORES LITERARIOS";5000,00
33362500;"EQUIPAMIENTOS CULTURALES Y MUSEOS";"MOBILIARIO Y ENSERES";1500,00
33362600;"EQUIPAMIENTOS CULTURALES Y MUSEOS";"EQUIPOS PARA PROCESOS DE INFORMACION";600,00
33362700;"EQUIPAMIENTOS CULTURALES Y MUSEOS";"ADQUISICIÓN BIENES INTERÉS HISTÓRICO, ARTÍSTICOS O ETNOGRÁFICOS";25000,00
33362702;"EQUIPAMIENTOS CULTURALES Y MUSEOS";"OBRA Y EQUIPAMIENTO MUSEO ";17000,00
33362703;"EQUIPAMIENTOS CULTURALES Y MUSEOS";"ACTUACIONES MUSEISTICAS Y CULTURALES";10000,00
33362704;"EQUIPAMIENTOS CULTURALES Y MUSEOS";"ESCULTURA HOMENAJE FÉLIX FRANCISCO CASANOVA";39000,00
33362705;"EQUIPAMIENTOS CULTURALES Y MUSEOS";"RECONOCIMIENTO FIGURAS DIONISIO O´DALY, ANSELMO PÉREZ DE BRITO, SANTIAGO ALBERTOS Y AMBROSIO STAFORD";70000,00
33362707;"EQUIPAMIENTOS CULTURALES Y MUSEOS";"REMODELACIÓN ZONA EXPOSITIVA MUSEO ARQUEOLÓGICO";25000,00
33378900;"EQUIPAMIENTOS CULTURALES Y MUSEOS";"SUBV. PARROQUIA NTA. SRA. DE LAS NIEVES OBRAS ADECUACIÓN MUSEO";25000,00
33422602;"PROMOCIÓN CULTURAL";"PUBLICIDAD Y PROPAGANDA";10000,00
33422611;"PROMOCIÓN CULTURAL";"EXPOSICIONES CULTURALES";3000,00
33422612;"PROMOCIÓN CULTURAL";"FERIA DEL LIBRO CULTURA";5000,00
33422614;"PROMOCIÓN CULTURAL";"V FERIA INSULAR DE ARTE";12000,00
33422615;"PROMOCIÓN CULTURAL";"MERCADO DE ARTE ARTÍSTICAS LOCALES";3125,00
33422616;"PROMOCIÓN CULTURAL";"GASTOS ORGANIZACIÓN PREMIOS CULTURA";10000,00
33422617;"PROMOCIÓN CULTURAL";"OTRAS ACTIVIDADES CULTURALES                 ";50000,00
33422618;"PROMOCIÓN CULTURAL";"CREAMOS EN LA PALMA";50000,00
33422619;"PROMOCIÓN CULTURAL";"III FERIA CULTURAS DEL MUNDO - PUNTAGORDA";10000,00
33422620;"PROMOCIÓN CULTURAL";"ENCUENTO DE BANDAS DE MÚSICA SANTA CECILIA";4000,00
33422621;"PROMOCIÓN CULTURAL";"VI ENCUENTRO DE MÚSICA Y DANZA DE NAVIDAD";6000,00
33422622;"PROMOCIÓN CULTURAL";"II ENCUENTRO DE ESCRITORES FÉLIX FRANCISCO CASANOVA";4600,00
33422623;"PROMOCIÓN CULTURAL";"V CONCIERTOS JAZZ EN PLAZAS CON ENCANTO";27000,00
33422624;"PROMOCIÓN CULTURAL";"CONCIERTO BIG BAND DE CANARIAS";5000,00
33422625;"PROMOCIÓN CULTURAL";"ACTOS HOMENAJE TRAYECTORIA LUIS MORERA";10000,00
33422626;"PROMOCIÓN CULTURAL";"FESTIVAL DE LA PALABRA - GARAFÍA";3000,00
33422627;"PROMOCIÓN CULTURAL";"ACTOS HOMENAJE 40 ANIVERSARIO MUERTE FÉLIX FRANCISCO CASANOVA";10000,00
33422628;"PROMOCIÓN CULTURAL";"PROYECTOS GRABACIÓN DISCOS BANDAS DE MÚSICA MUNICIPALES";9021,00
33422629;"PROMOCIÓN CULTURAL";"ACTO CENTENARIO NACIMIENTO CARMEN AROZENA";2500,00
33422706;"PROMOCIÓN CULTURAL";"ESTUDIOS Y TRABAJOS TÉCNICOS";3000,00
33446201;"PROMOCIÓN CULTURAL";"SUBV.AYTOS ACTIVIDADES CULTURALES ";20000,00
33446202;"PROMOCIÓN CULTURAL";"SUBVENCIÓN AYTO. S/C DE LA PALMA. TEATRO CIRCO DE MARTE";6000,00
33446203;"PROMOCIÓN CULTURAL";"SUBV. BANDAS DE MUSICA MUNICIPALES - AYTO BARLOVENTO";11500,00
33446204;"PROMOCIÓN CULTURAL";"SUBV. BANDAS DE MUSICA MUNICIPALES - AYTO BREÑA ALTA";11500,00
33446205;"PROMOCIÓN CULTURAL";"SUBV. BANDAS DE MUSICA MUNICIPALES - AYTO BREÑA BAJA";11500,00
33446206;"PROMOCIÓN CULTURAL";"SUBV. BANDAS DE MUSICA MUNICIPALES - AYTO FUENCALIENTE";11500,00
33446207;"PROMOCIÓN CULTURAL";"SUBV. BANDAS DE MUSICA MUNICIPALES - AYTO EL PASO";11500,00
33446208;"PROMOCIÓN CULTURAL";"SUBV. BANDAS DE MUSICA MUNICIPALES - AYTO LOS LLANOS DE ARIDANE";11500,00
33446209;"PROMOCIÓN CULTURAL";"SUBV. BANDAS DE MUSICA MUNICIPALES - AYTO PUNTAGORDA";11500,00
33446210;"PROMOCIÓN CULTURAL";"SUBV. BANDAS DE MUSICA MUNICIPALES - AYTO PUNTALLANA";11500,00
33446211;"PROMOCIÓN CULTURAL";"SUBV. BANDAS DE MUSICA MUNICIPALES - AYTO TAZACORTE";11500,00
33446212;"PROMOCIÓN CULTURAL";"SUBV. BANDAS DE MUSICA MUNICIPALES - AYTO SAN ANDRÉS Y SAUCES";11500,00
33446213;"PROMOCIÓN CULTURAL";"SUBV. BANDAS DE MUSICA MUNICIPALES - AYTO S/C DE LA PALMA";11500,00
33446214;"PROMOCIÓN CULTURAL";"SUBV. BANDAS DE MUSICA MUNICIPALES - AYTO VILLA DE GARAFÍA";11500,00
33446215;"PROMOCIÓN CULTURAL";"SUBV. ACADEMIA DE INSTRUMENTOS DE MÚSICA CLÁSICA - AYTO. VILLA DE MAZO";11500,00
33446216;"PROMOCIÓN CULTURAL";"SUBV. BANDAS DE MUSICA MUNICIPALES - AYTO TIJARAFE";11500,00
33446217;"PROMOCIÓN CULTURAL";"SUBV. AYTO. TAZACORETE ACTIVIDAD CULTURAL ESPECIAL ARRAIGO FERIA ALEMANA";1000,00
33446218;"PROMOCIÓN CULTURAL";"SUBV. AYTO. EL PASO ACTIVICAD CULTURAL ESPECIAL ARRAIGO FESTIVAL INTERNACIONAL MÚSICA EL PASO";2000,00
33446219;"PROMOCIÓN CULTURAL";"SUBV. AYTO. TIJARAFE ACTIVIDAD CULTURAL ESPECIAL ARRAIGO FESTIVAL PUNTO CUBANO";3000,00
33446220;"PROMOCIÓN CULTURAL";"SUBV. AYTO. S/C DE LA PALMA ACTIVIDAD CULTURAL ESPECIAL ARRAIGO NOCHE CUBANA";1500,00
33446221;"PROMOCIÓN CULTURAL";"SUBV. AYTO. BREÑA BAJA ACTIVIDAD CULTURAL ESPECIAL ARRAIGO DÍA DE LA MADRE";1000,00
33446222;"PROMOCIÓN CULTURAL";"SUBV. AYTO. BREÑA ALTA ACTIVIDAD CULTURAL ESPECIAL ARRAIGO LLEGADA DEL CONDE DE LOS ÁLAMOS";1000,00
33448903;"PROMOCIÓN CULTURAL";"SUBVENCION SOCIEDAD ESTUDIOS GENERALES PARA PUBLICACIONES";2500,00
33448904;"PROMOCIÓN CULTURAL";"SUBVENCION ASOC. CARTAS DIFERENTES PARA PUBLICACIONES";2500,00
33448905;"PROMOCIÓN CULTURAL";"SUBVENCIÓN ASOCIACIÓN VERSADORES TALLER DE REPENTISMOS GTOS. PERSONAL, MANTENIMIENTO Y DESPLAZAMIENTO";4500,00
33464000;"PROMOCIÓN CULTURAL";"PREMIOS CULTURA";23500,00
33464001;"PROMOCIÓN CULTURAL";"ADQUISICIÓN DOCUMENTAL ELSA LÓPEZ";10000,00
33465000;"PROMOCIÓN CULTURAL";"OBRA PARQUE ISLAS CANARIAS LOS LLANOS DE ARIDANE";500000,00
33522611;"ARTES ESCÉNICAS";"LA PALMA ES UN PUNTO";20000,00
33522612;"ARTES ESCÉNICAS";"PROMOCIÓN CINE";2000,00
33522613;"ARTES ESCÉNICAS";"FESTIVAL DE MÚSICA DE CANARIAS";6000,00
33522614;"ARTES ESCÉNICAS";"CIRCUITO ISLAS DE MÚSICA, DANZA Y TEATRO";19000,00
33522615;"ARTES ESCÉNICAS";"PROYECCIONES DOCUMENTAL DEL MES";2000,00
33546200;"ARTES ESCÉNICAS";"SUBVENCIÓN AYTO. EL PASO FORMACIÓN TEATRAL";4000,00
33546201;"ARTES ESCÉNICAS";"SUBVENCIÓN AYTO. LOS LLANOS DE ARIDANE FORMACIÓN TEATRAL";4000,00
33546202;"ARTES ESCÉNICAS";"SUBVENCIÓN AYTO. TAZACORTE FORMACIÓN TEATRAL";4000,00
33547901;"ARTES ESCÉNICAS";"SUBVENCIÓN ARTIFEX PRODUCC. ARTÍSTICAS FESTIVAL ZARZUELA";8000,00
33547902;"ARTES ESCÉNICAS";"SUBVENCIÓN FESTIVALITO CHUKUMI STUDIO, S.L.";37000,00
33548900;"ARTES ESCÉNICAS";"SUBVENCIÓN ACAPO CICLO MÚSICA DE CÁMARA ""JERÓNIMO SAAVEDRA ACEVEDO""";77000,00
33548901;"ARTES ESCÉNICAS";"SUBVENCIÓN TROVASIETA, S.L. CONCIERTO NAVIDAD";3500,00
33548902;"ARTES ESCÉNICAS";"SUBV. ASOC. CULTURAL FOLKLORICA TAJADRE. CONCIERTO NAVIDAD";4000,00
33548903;"ARTES ESCÉNICAS";"SUBV. ASOC. CULTURAL LOS VIEJOS GRABACIÓN NUEVO DISCO";10000,00
33548904;"ARTES ESCÉNICAS";"SUBV. AGRUP. FOLCLÓRICA LOS ARRIEROS. VESTUARIO";3000,00
33622000;"ARQUEOLOGÍA Y PROTECCIÓN DEL PATRIMONIO HIST-ART";"MATERIAL DE OFICINA ";200,00
33622103;"ARQUEOLOGÍA Y PROTECCIÓN DEL PATRIMONIO HIST-ART";"COMBUSTIBLE";200,00
33622107;"ARQUEOLOGÍA Y PROTECCIÓN DEL PATRIMONIO HIST-ART";"MATERIAL FUNGIBLE";1800,00
33622606;"ARQUEOLOGÍA Y PROTECCIÓN DEL PATRIMONIO HIST-ART";"JORNADAS DE ARQUEOLOGÍA";3000,00
33622610;"ARQUEOLOGÍA Y PROTECCIÓN DEL PATRIMONIO HIST-ART";"DIETAS MIEMBROS COMISIÓN PATRIMONIO HISTORICO";900,00
33622699;"ARQUEOLOGÍA Y PROTECCIÓN DEL PATRIMONIO HIST-ART";"OTROS GASTOS DIVERSOS TALLER";1000,00
33622707;"ARQUEOLOGÍA Y PROTECCIÓN DEL PATRIMONIO HIST-ART";"ESTUDIOS Y TRABAJOS TÉCNICOS";4000,00
33622709;"ARQUEOLOGÍA Y PROTECCIÓN DEL PATRIMONIO HIST-ART";"EXCAVACIONES ARQUEOLÓGICAS";9000,00
33622710;"ARQUEOLOGÍA Y PROTECCIÓN DEL PATRIMONIO HIST-ART";"ELABORACIÓN CARTAS ARQUEOLÓGICAS Y ETNOGRÁFICAS";9000,00
33622711;"ARQUEOLOGÍA Y PROTECCIÓN DEL PATRIMONIO HIST-ART";"CONVENIO CON EL CICOP";2000,00
33622712;"ARQUEOLOGÍA Y PROTECCIÓN DEL PATRIMONIO HIST-ART";"MEJORAS EN ZONAS ARQUEOLÓGICAS";4000,00
33622713;"ARQUEOLOGÍA Y PROTECCIÓN DEL PATRIMONIO HIST-ART";"RESTAURACIÓN DE PIEZAS FOTOGRÁFICAS CONSERVADAS EN EL ARCHIVO INSULAR";15000,00
33622714;"ARQUEOLOGÍA Y PROTECCIÓN DEL PATRIMONIO HIST-ART";"CONVENIO ASOCIACIÓN HISPANIA NOSTRA";30000,00
33648900;"ARQUEOLOGÍA Y PROTECCIÓN DEL PATRIMONIO HIST-ART";"SUBV. OBISPADO INFORMATIZACIÓN LIBROS BAUTISMALES";10000,00
33660000;"ARQUEOLOGÍA Y PROTECCIÓN DEL PATRIMONIO HIST-ART";"ADQUISICIÓN PARCELA PARA LA CONSTRUCCIÓN CENTRO DE INTERPRETACIÓN BURACAS";36000,00
33662700;"ARQUEOLOGÍA Y PROTECCIÓN DEL PATRIMONIO HIST-ART";"CENTRO DE VISITANTES DE BURACAS";18000,00
33678902;"ARQUEOLOGÍA Y PROTECCIÓN DEL PATRIMONIO HIST-ART";"SUBVENCIÓN OBISPADO PARA RESTAURACIÓN DE BIENES MUEBLES E INMUEBLES";60000,00
33678903;"ARQUEOLOGÍA Y PROTECCIÓN DEL PATRIMONIO HIST-ART";"SUBV. OBISPADO OBRAS EXTERIORES CENTRO VISITANTES EL TENDAL";181351,00
33678904;"ARQUEOLOGÍA Y PROTECCIÓN DEL PATRIMONIO HIST-ART";"SUBV. REHABILITACIÓN EDIFICIOS VALOR PATRIMONIAL HISTÓRICO";120000,00
33822610;"FIESTAS POPULARES Y FESTEJOS";"ACTUACIONES CULTURALES EN FIESTAS POPULARES";25000,00
33846201;"FIESTAS POPULARES Y FESTEJOS";"SUBV. AYTO. S/C DE LA PALMA FIESTA INDIANOS";10000,00
33846202;"FIESTAS POPULARES Y FESTEJOS";"SUBV. AYTO. TIJARAFE FIESTA VALOR ETNOGRÁFICO DANZA DEL DIABLO";2000,00
33846204;"FIESTAS POPULARES Y FESTEJOS";"SUBV. AYTO. TAZACORTE FIESTA VALOR ETNOGRÁFICO SAN MIGUEL Y CABALLOS FUFOS";1500,00
33846205;"FIESTAS POPULARES Y FESTEJOS";"SUBV. AYTO. EL PASO FIESTA VALOR ETNOGRÁFICO CORAZÓN DE JESÚS";1500,00
33846206;"FIESTAS POPULARES Y FESTEJOS";"SUBV. AYTO. FUENCALIENTE FIESTA VALOR ETNOGRÁFICO VENDIMIA - CABALLOS FUSCOS";1500,00
33846207;"FIESTAS POPULARES Y FESTEJOS";"SUBV. AYTO. VILLA DE MAZO FIESTA VALOR ETNOGRÁFICO CORPUS CHRISTI";1500,00
33846208;"FIESTAS POPULARES Y FESTEJOS";"SUBV. AYTO. BREÑA BAJA FIESTA VALOR ETNOGRÁFICO CRUCES";1500,00
33846209;"FIESTAS POPULARES Y FESTEJOS";"SUBV. AYTO. BREÑA ALTA FIESTA VALOR ETNOGRÁFICO CRUCES";1500,00
33846210;"FIESTAS POPULARES Y FESTEJOS";"SUBV. AYTO. S/C DE LA PALMA FIESTA VALOR ETNOGRÁFICO MAYOS";1000,00
33846211;"FIESTAS POPULARES Y FESTEJOS";"SUBV. AYTO. SANTA CRUZ DE LA PALMA ORGANIZACIÓN FIESTA PATRONA INSULAR";2000,00
33846212;"FIESTAS POPULARES Y FESTEJOS";"SUBV. AYTO. DE TAZACORTE PARA LA ORGANIZACIÓN FIESTA PATRÓN INSULAR";2000,00
33848900;"FIESTAS POPULARES Y FESTEJOS";"SUBV. ASOC. VECINOS EL CABOCO HOYO DE MAZO FIESTA VALOR ETNOGRÁFICO BORRACHITO FOGATERO";1500,00
33920200;"JUVENTUD";"ARRENDAMIENTO OFICINAS JUVENTUD";1500,00
33921600;"JUVENTUD";"MANTENIMIENTO EQUIPOS PROCESOS DE INFORMACIÓN";500,00
33922000;"JUVENTUD";"MATERIAL DE OFICINA. OFICINA INSULAR DE LA JUVENTUD";1000,00
33922001;"JUVENTUD";"PRENSA, REVISTAS, LIBROS Y OTRAS PUBLICACIONES";200,00
33922201;"JUVENTUD";"COMUNICACIONES POSTALES JUVENTUD";100,00
33922600;"JUVENTUD";"GASTOS DIVERSOS JUVENTUD";3500,00
33922602;"JUVENTUD";"PUBLICIDAD Y PROPAGANDA PARTICIPACIÓN JUVENTUD";2000,00
33922610;"JUVENTUD";"ACTIVIDADES JUVENTUD";25000,00
33922611;"JUVENTUD";"PROGRAMA ATENCIÓN SEXUALIDAD JUVENIL";9000,00
33922612;"JUVENTUD";"CERTAMEN DE MÚSICA JOVEN SAPEROCKO ";10000,00
33922613;"JUVENTUD";"PROYECTO PREVENCIÓN ACOSO ESCOLAR Y PELIGROS REDES SOCIALES";4500,00
33922614;"JUVENTUD";"EDUCACIÓN VIAL PARA JOVENES";1200,00
33922707;"JUVENTUD";"PRESTACIÓN SERVICIOS COMUNICACIÓN Y REDES";3200,00
33948101;"JUVENTUD";"SUBVENCIONES ACTIVIDADES PARA JÓVENES, ASOCIACIONES";15000,00
33948103;"JUVENTUD";"CONSEJO INSULAR JUVENTUD (CONSTITUC Y GTOS. FUNCIONAMIENTO)";3000,00
33962500;"JUVENTUD";"ADQUISICIÓN MOBILIARIO Y ENSERES";2000,00
33762600;"JUVENTUD";"EQUIPOS PARA PROCESOS DE INFORMACIÓN";500,00
33962700;"JUVENTUD";"OBRAS REMODELACIÓN OFICINA JUVENTUD";79448,15
33965000;"JUVENTUD";"CONVENIO LOCAL DE ENSAYO SAPEROCKO";2500,00
34012000;"ADMINISTRACIÓN GENERAL DEPORTES";"SUELDOS FUNCIONARIOS A1";15231,71
34012004;"ADMINISTRACIÓN GENERAL DEPORTES";"SUELDOS GRUPO C2";8467,70
34012006;"ADMINISTRACIÓN GENERAL DEPORTES";"TRIENIOS PERSONAL FUNCIONARIO";9606,30
34012100;"ADMINISTRACIÓN GENERAL DEPORTES";"COMPLEMENTO DE DESTINO";18963,00
34012101;"ADMINISTRACIÓN GENERAL DEPORTES";"COMPLEMENTO ESPECÍFICO";23324,28
34012103;"ADMINISTRACIÓN GENERAL DEPORTES";"OTROS COMPLEMENTOS FUNCIONARIOS";14153,44
34013000;"ADMINISTRACIÓN GENERAL DEPORTES";"RETRIBUCIONES BÁSICAS PERSONAL LABORAL FIJO";281536,12
34013002;"ADMINISTRACIÓN GENERAL DEPORTES";"OTRAS REMUNERACIONES PERSONAL LABORAL FIJO";428211,65
34013100;"ADMINISTRACIÓN GENERAL DEPORTES";"RETRIBUCIONES PERSONAL LABORAL TEMPORAL";14048,43
34015000;"ADMINISTRACIÓN GENERAL DEPORTES";"PRODUCTIVIDAD";5056,56
34016000;"ADMINISTRACIÓN GENERAL DEPORTES";"SEGURIDAD SOCIAL";269369,23
34020201;"ADMINISTRACIÓN GENERAL DEPORTES";"ALQUILER LOCAL DEPORTES";16500,00
34021200;"ADMINISTRACIÓN GENERAL DEPORTES";"DIVERSOS GASTOS DE MANTENIMIENTO";18000,00
34022000;"ADMINISTRACIÓN GENERAL DEPORTES";"MATERIAL DE OFICINA DEPORTES";1000,00
34022002;"ADMINISTRACIÓN GENERAL DEPORTES";"MATERIAL INFORMATICO NO INVENTARIABLE";3000,00
34022104;"ADMINISTRACIÓN GENERAL DEPORTES";"VESTUARIO";1500,00
34022199;"ADMINISTRACIÓN GENERAL DEPORTES";"SUMINISTROS VARIOS";9000,00
34022300;"ADMINISTRACIÓN GENERAL DEPORTES";"TRANSPORTES";1000,00
34022699;"ADMINISTRACIÓN GENERAL DEPORTES";"OTRO GASTOS DIVERSOS";8000,00
34022706;"ADMINISTRACIÓN GENERAL DEPORTES";"ESTUDIOS Y TRABAJOS TÉCNICOS";6000,00
34122401;"PROMOCIÓN Y FOMENTO DEL DEPORTE";"SEGURO PROMOC. DEPORTIVA Y EVENTOS CABILDO";47879,79
34122500;"PROMOCIÓN Y FOMENTO DEL DEPORTE";"TRIBUTOS DEL ESTADO";3050,00
34122502;"PROMOCIÓN Y FOMENTO DEL DEPORTE";"TRIBUTOS DE LAS ENTIDADES LOCALES";600,00
34122602;"PROMOCIÓN Y FOMENTO DEL DEPORTE";"PUBLICIDAD Y PROPAGANDA DEPORTES";4000,00
34122603;"PROMOCIÓN Y FOMENTO DEL DEPORTE";"PUBLICIDAD EN DIARIOS OFICIALES";425,00
34122606;"PROMOCIÓN Y FOMENTO DEL DEPORTE";"JORNADAS Y CURSOS DE FORMACIÓN DEPORTIVA";10000,00
34122611;"PROMOCIÓN Y FOMENTO DEL DEPORTE";"COPA LA PALMA PADEL";8000,00
34122612;"PROMOCIÓN Y FOMENTO DEL DEPORTE";"PRESTACIÓN SERVICIOS COMUNICACIÓ Y REDES";7800,00
34122613;"PROMOCIÓN Y FOMENTO DEL DEPORTE";"JUEGOS DEPORTIVOS Y CAMPAÑAS DEPORTIVAS";50000,00
34122614;"PROMOCIÓN Y FOMENTO DEL DEPORTE";"PROMOCIÓN CARRERAS DE ORIENTACIÓN";4000,00
34122615;"PROMOCIÓN Y FOMENTO DEL DEPORTE";"INDUMENTARIA DEPORTIVA CAMPEONATOS DE CANARIAS";18000,00
34122616;"PROMOCIÓN Y FOMENTO DEL DEPORTE";"CAMPAMENTOS DE VERANO";42000,00
34122617;"PROMOCIÓN Y FOMENTO DEL DEPORTE";"CURSOS DE NATACIÓN";23128,00
34122618;"PROMOCIÓN Y FOMENTO DEL DEPORTE";"CAMPUS FÚTBOL SALA";5000,00
34122619;"PROMOCIÓN Y FOMENTO DEL DEPORTE";"CAMPUS GIMNASIA RÍTMICA";7000,00
34122620;"PROMOCIÓN Y FOMENTO DEL DEPORTE";"CAMPUS SEMANA SANTA";3000,00
34122621;"PROMOCIÓN Y FOMENTO DEL DEPORTE";"CAMPUS URBANO";10000,00
34122622;"PROMOCIÓN Y FOMENTO DEL DEPORTE";"MATERIAL DEPORTIVO ACTIVIDADES PROPIAS";6000,00
34122623;"PROMOCIÓN Y FOMENTO DEL DEPORTE";"MEMORIAL AMANDA";2000,00
34122624;"PROMOCIÓN Y FOMENTO DEL DEPORTE";"MONITORIZACIÓN ACTIVIDADES Y EVENTOS";3000,00
34122697;"PROMOCIÓN Y FOMENTO DEL DEPORTE";"GASTOS CORRIENTES VELA";3200,00
34122709;"PROMOCIÓN Y FOMENTO DEL DEPORTE";"SERVICIO DE PROMOCIÓN Y TECNIFICACIÓN VELA";34000,00
34144900;"PROMOCIÓN Y FOMENTO DEL DEPORTE";"APORTACIÓN SODEPAL: TRANSVULCANIA 2017";420000,00
34144902;"PROMOCIÓN Y FOMENTO DEL DEPORTE";"APORTACIÓN SODEPAL: FESTIVAL DE SENDERISMO";45000,00
34144903;"PROMOCIÓN Y FOMENTO DEL DEPORTE";"APORTACIÓN SODEPAL: LA PALMA ECUESTRE ";30000,00
34144904;"PROMOCIÓN Y FOMENTO DEL DEPORTE";"APORTACIÓN SODEPAL: ULTRABIKE LA PALMA";30000,00
34146200;"PROMOCIÓN Y FOMENTO DEL DEPORTE";"PLAN PROMOCIÓN DEPORTIVA BÁSICA MONITORES";343818,90
34146201;"PROMOCIÓN Y FOMENTO DEL DEPORTE";"PLAN PROMOCIÓN DEPORTIVA COLECTIVOS ATENCIÓN ESPECIAL";28000,00
34146202;"PROMOCIÓN Y FOMENTO DEL DEPORTE";"PROMOCIÓN DEPORTIVA BÁSICA MATERIAL DEPORTIVO";22062,58
34146203;"PROMOCIÓN Y FOMENTO DEL DEPORTE";"PROMOCIÓN DEPORTIVA BÁSICA INDUMENTARIA DEPORTIVA";30368,52
34146204;"PROMOCIÓN Y FOMENTO DEL DEPORTE";"SUBVENCIÓN EVENTOS DEPORTIVOS AYUNTAMIENTOS";50000,00
34148900;"PROMOCIÓN Y FOMENTO DEL DEPORTE";"SUBVENCIONES AYUDAS AL DEPORTE";235000,00
34148901;"PROMOCIÓN Y FOMENTO DEL DEPORTE";"CONVENIO ASOC. AMIGOS DEL DOMINÓ DE LA PALMA. LIGA INSULAR";3000,00
34148902;"PROMOCIÓN Y FOMENTO DEL DEPORTE";"SUBV. CLUB DE ARRASTRE LA CANGA. LIGA INSULAR";12000,00
34148903;"PROMOCIÓN Y FOMENTO DEL DEPORTE";"SUBV. CLUB AUARITA VIVA PROMOCIÓN Y TECNIFICACIÓN VOLEY";2500,00
34148904;"PROMOCIÓN Y FOMENTO DEL DEPORTE";"CONVENIO FEDERACIÓN INSULAR DE BALONCESTO PROMOC. Y TECNIFICACIÓN";42000,00
34148909;"PROMOCIÓN Y FOMENTO DEL DEPORTE";"CONVENIO FEDERACIÓN INSULAR LUCHA CANARIA PROMOC. Y TECNIFICACIÓN";44200,00
34148910;"PROMOCIÓN Y FOMENTO DEL DEPORTE";"CONVENIO FED. CANARIA PALO CANARIO III FASE PLAN ESPECIAL PALO GARAFIANO";2000,00
34148911;"PROMOCIÓN Y FOMENTO DEL DEPORTE";"CONVENIO FEDERACIÓN INSULAR DE AUTOMOVILISMO PROMOCIÓN Y TECNIFICACIÓN";42000,00
34148916;"PROMOCIÓN Y FOMENTO DEL DEPORTE";"CONVENIO ASOC. AMIGOS PARA PRÁCTICA Y DIF. FÚTBOL SALA PROMOCIÓN Y TECNIFICACIÓN";10000,00
34148918;"PROMOCIÓN Y FOMENTO DEL DEPORTE";"SUBV. CLUB BADMINTON LA PALMA DROP PROMOCIÓN Y TECNIFICACIÓN";2500,00
34148919;"PROMOCIÓN Y FOMENTO DEL DEPORTE";"SUBVENCIONES DEPORTISTAS PALMEROS DE ÉLITE Y ENTRENADORES";30000,00
34148922;"PROMOCIÓN Y FOMENTO DEL DEPORTE";"SUBV. CLUB JUVENTUD TENIS MESA DESPLAZAMIENTO";900,00
34148923;"PROMOCIÓN Y FOMENTO DEL DEPORTE";"SUBV. CLUB BALONCESTO DOGUEN DESPLAZAMIENTO";2500,00
34148924;"PROMOCIÓN Y FOMENTO DEL DEPORTE";"SUBV. CLUB. DEP. TARSA AYUDA DESPLAZAMIENTO";4400,00
34148925;"PROMOCIÓN Y FOMENTO DEL DEPORTE";"SUBV. CLUB T.M. DEFENSE AYUDA DESPLAZAMIENTO";1800,00
34148926;"PROMOCIÓN Y FOMENTO DEL DEPORTE";"SUBV. CLUB TD. TEMESPIN AYUDA DESPLAZAMIENTO";900,00
34148927;"PROMOCIÓN Y FOMENTO DEL DEPORTE";"SUBV. SOC. DEP. ATLANTIDA AYUDA DESPLAZAMIENTO";3500,00
34148928;"PROMOCIÓN Y FOMENTO DEL DEPORTE";"SUBV. SOC. DEPORTIVA TENISCA AYUDA DESPLAZAMIENTO (3ª DIV.)";7800,00
34148929;"PROMOCIÓN Y FOMENTO DEL DEPORTE";"SUBV. CLUB BALONCESTO ROQUE ADAMEN AYUDA DESPLAZAMIENTO";2600,00
34148930;"PROMOCIÓN Y FOMENTO DEL DEPORTE";"SUBV. CLUB BALONC. ARIDANE AYUDA DESPLAZAMIENTO";3500,00
34148940;"PROMOCIÓN Y FOMENTO DEL DEPORTE";"CONVENIO FEDERACIÓN TINERFEÑA FUTBOL.PROMOCIÓN Y TECNIFICACIÓN";42000,00
34148943;"PROMOCIÓN Y FOMENTO DEL DEPORTE";"SUBV. CLUB BALONC. FELIPE ANTON DESPLAZAMIENTO";2600,00
34148944;"PROMOCIÓN Y FOMENTO DEL DEPORTE";"CONVENIO FEDERACIÓN TENIS DE MESA  PROMOCIÓN Y TECNIFICACIÓN ";14100,00
34148945;"PROMOCIÓN Y FOMENTO DEL DEPORTE";"CONVENIO SALTO PASTOR JURRIA TENERRA  PROMOCIÓN Y TECNIFICACIÓN";3000,00
34148946;"PROMOCIÓN Y FOMENTO DEL DEPORTE";"CONVENIO FEDERACIÓN JUDO  PROMOCIÓN Y TECNIFICACIÓN";3000,00
34148947;"PROMOCIÓN Y FOMENTO DEL DEPORTE";"CONVENIO FEDERACIÓN GIMNASIA RITMICA  PROMOCIÓN Y TECNIFICACIÓN";3000,00
34148948;"PROMOCIÓN Y FOMENTO DEL DEPORTE";"SUBV. CLUB BALONCESTO DOMINICAS LA PALMA DESPLAZAMIENTO";4600,00
34148949;"PROMOCIÓN Y FOMENTO DEL DEPORTE";"SUBV. PROYECTO DEPORTE INTEGRACIÓN DISCAPACIDAD";5000,00
34148950;"PROMOCIÓN Y FOMENTO DEL DEPORTE";"CONVENIO FEDERACIÓN AJEDREZ PROMOCIÓN Y TECNIFICACIÓN";32000,00
34148951;"PROMOCIÓN Y FOMENTO DEL DEPORTE";"SUBV. EVENTOS DEPORTIVOS ENTIDADES PRIVADAS";30000,00
34148952;"PROMOCIÓN Y FOMENTO DEL DEPORTE";"SUBV. ASOC. CANARIAS DE JUEGOS DE ESTRATEGÍA ACAJES OLIMPIADAS MENTALES, PROMOCIÓN Y TECNIFICACIÓN";6000,00
34148953;"PROMOCIÓN Y FOMENTO DEL DEPORTE";"SUBV. CENTRO INSULAR AJEDREZ TORNEO INTERNACIONAL AJEDREZ";10000,00
34162700;"PROMOCIÓN Y FOMENTO DEL DEPORTE";"INVERSIONES VELA";9000,00
34221201;"INSTALACIONES DEPORTIVAS";"MANTENIMIENTO CAMPOS DE FÚTBOL";15000,00
34221400;"INSTALACIONES DEPORTIVAS";"MANTENIMIENTO DE VEHÍCULOS Y MAQUINARIA";2000,00
34221600;"INSTALACIONES DEPORTIVAS";"MANTENIMIENTO EQUIPOS PROCESO DE INFORMACIÓN";1000,00
34222100;"INSTALACIONES DEPORTIVAS";"ENERGÍA ELÉCTRICA CIUDAD DEPORTIVA MIRAFLORES";20000,00
34222101;"INSTALACIONES DEPORTIVAS";"AGUA";7100,00
34235800;"INSTALACIONES DEPORTIVAS";"INTERESES POR OPERACIONES ARRENDAMIENTO FINANCIERO";500,00
34262500;"INSTALACIONES DEPORTIVAS";"ADQUISICIÓN MOBILIARIO Y ENSERES";2000,00
34262701;"INSTALACIONES DEPORTIVAS";"OBRAS MIRAFLORES";280000,00
34262702;"INSTALACIONES DEPORTIVAS";"INVERSIONES DEPORTES";40000,00
34263600;"INSTALACIONES DEPORTIVAS";"ADQUISICIÓN EQUIPOS INFORMÁTICOS";1000,00
34264100;"INSTALACIONES DEPORTIVAS";"GASTOS EN APLICACIONES INFORMÁTICAS";5000,00
34264800;"INSTALACIONES DEPORTIVAS";"CUOTAS LEASING VEHÍCULOS DEPORTES";4000,00
34276203;"INSTALACIONES DEPORTIVAS";"SUBV. AYTO. EL PASO CENTRO LÚDICO DEPORTIVO LAS MANCHAS";33000,00
41012000;"ADMINISTRACIÓN GENERAL DE AGRICULTURA, GANADERIA Y PESCA";"SUELDOS GRUPO A1";45695,14
41012001;"ADMINISTRACIÓN GENERAL DE AGRICULTURA, GANADERIA Y PESCA";"SUELDOS GRUPO A2";172700,85
41012003;"ADMINISTRACIÓN GENERAL DE AGRICULTURA, GANADERIA Y PESCA";"SUELDOS GRUPO C1";20155,17
41012004;"ADMINISTRACIÓN GENERAL DE AGRICULTURA, GANADERIA Y PESCA";"SUELDOS GRUPO C2";135483,26
41012005;"ADMINISTRACIÓN GENERAL DE AGRICULTURA, GANADERIA Y PESCA";"SUELDOS GRUPO E";15510,88
41012006;"ADMINISTRACIÓN GENERAL DE AGRICULTURA, GANADERIA Y PESCA";"TRIENIOS";79760,11
41012100;"ADMINISTRACIÓN GENERAL DE AGRICULTURA, GANADERIA Y PESCA";"COMPLEMENTO DE DESTINO";250128,90
41012101;"ADMINISTRACIÓN GENERAL DE AGRICULTURA, GANADERIA Y PESCA";"COMPLEMENTO ESPECÍFICO";314065,64
41012103;"ADMINISTRACIÓN GENERAL DE AGRICULTURA, GANADERIA Y PESCA";"OTROS COMPLEMENTOS";217273,55
41013000;"ADMINISTRACIÓN GENERAL DE AGRICULTURA, GANADERIA Y PESCA";"RETRIBUCIONES BÁSICAS PERSONAL LABORAL FIJO";225392,27
41013002;"ADMINISTRACIÓN GENERAL DE AGRICULTURA, GANADERIA Y PESCA";"OTRAS REMUNERACIONES";342717,71
41013100;"ADMINISTRACIÓN GENERAL DE AGRICULTURA, GANADERIA Y PESCA";"LABORAL TEMPORAL";75000,00
41015000;"ADMINISTRACIÓN GENERAL DE AGRICULTURA, GANADERIA Y PESCA";"PRODUCTIVIDAD";10674,96
41016000;"ADMINISTRACIÓN GENERAL DE AGRICULTURA, GANADERIA Y PESCA";"SEGURIDAD SOCIAL";521977,44
41020400;"ADMINISTRACIÓN GENERAL DE AGRICULTURA, GANADERIA Y PESCA";"ARRENDAMIENTO ELEMENTO DE TRANSPORTE";7135,00
41021400;"ADMINISTRACIÓN GENERAL DE AGRICULTURA, GANADERIA Y PESCA";"MATERIAL DE TRANSPORTE Y REPARACIÓN";3000,00
41022000;"ADMINISTRACIÓN GENERAL DE AGRICULTURA, GANADERIA Y PESCA";"MATERIAL DE OFICINA AGRICULTURA";3000,00
41022001;"ADMINISTRACIÓN GENERAL DE AGRICULTURA, GANADERIA Y PESCA";"LIBROS, REVISTAS, PRENSA Y OTRAS PUBLICACIONES";500,00
41022103;"ADMINISTRACIÓN GENERAL DE AGRICULTURA, GANADERIA Y PESCA";"COMBUSTIBLES Y CARBURANTES";6000,00
41022300;"ADMINISTRACIÓN GENERAL DE AGRICULTURA, GANADERIA Y PESCA";"TRANSPORTES Y MENSAJERÍA";1200,00
41022502;"ADMINISTRACIÓN GENERAL DE AGRICULTURA, GANADERIA Y PESCA";"TRIBUTOS VEHÍCULOS";2138,00
41022601;"ADMINISTRACIÓN GENERAL DE AGRICULTURA, GANADERIA Y PESCA";"ATENCIONES PROTOCOLARIAS Y REPRESENTANTIVAS";500,00
41022602;"ADMINISTRACIÓN GENERAL DE AGRICULTURA, GANADERIA Y PESCA";"PUBLICIDAD Y PROPAGANDA AGRICULTURA/GANADERIA Y PESCA";18000,00
41022603;"ADMINISTRACIÓN GENERAL DE AGRICULTURA, GANADERIA Y PESCA";"PUBLICACIÓN EN DIARIOS OFICIALES";1000,00
41022606;"ADMINISTRACIÓN GENERAL DE AGRICULTURA, GANADERIA Y PESCA";"SEMINARIOS/ SERVICIO AGRIC./GAN./PESCA";2000,00
41022610;"ADMINISTRACIÓN GENERAL DE AGRICULTURA, GANADERIA Y PESCA";"AGRICULTURA CUOTA ADER";601,00
41022611;"ADMINISTRACIÓN GENERAL DE AGRICULTURA, GANADERIA Y PESCA";"FERIAS AGRARIAS, PESQUERAS Y GANADERAS";9000,00
41022612;"ADMINISTRACIÓN GENERAL DE AGRICULTURA, GANADERIA Y PESCA";"PROMOCIÓN GASTRONÓMICA DE PRODUCTOS DE LA PALMA";20000,00
41022706;"ADMINISTRACIÓN GENERAL DE AGRICULTURA, GANADERIA Y PESCA";"PRESTACIÓN SERVICIOS";50027,00
41022709;"ADMINISTRACIÓN GENERAL DE AGRICULTURA, GANADERIA Y PESCA";"MANTENIMIENTO JARDINES DEPENDENCIAS AGRICULTURA";4815,00
41062500;"ADMINISTRACIÓN GENERAL DE AGRICULTURA, GANADERIA Y PESCA";"MOBILIARIO Y ENSERES ";3000,00
41062700;"ADMINISTRACIÓN GENERAL DE AGRICULTURA, GANADERIA Y PESCA";"OTRAS INVERSIONES";3000,00
41248900;"MEJORAS DE LAS ESTRUCTURAS AGROPECUARIAS Y DE LOS SISTEMAS PRODUCTIVOS";"CONVENIO ADER SISTEMA PILOTO COMPOSTAJE";21560,00
41262704;"MEJORAS DE LAS ESTRUCTURAS AGROPECUARIAS Y DE LOS SISTEMAS PRODUCTIVOS";"OTRAS INVERSIONES";30000,00
41278901;"MEJORAS DE LAS ESTRUCTURAS AGROPECUARIAS Y DE LOS SISTEMAS PRODUCTIVOS";"CONVENIO ADER SISTEMA PILOTO COMPOSTAJE";43440,00
41321300;"GANADERÍA";"REPARACIÓN MAQUINARIA GANADERÍA";1000,00
41322104;"GANADERÍA";"VESTUARIO";500,00
41322105;"GANADERÍA";"PIENSOS ALIMENTACIÓN GANADO";36032,00
41322106;"GANADERÍA";"PRODUCTOS FARMACÉUTICOS GANADERÍA";500,00
41322107;"GANADERÍA";"SEMILLAS GANADERÍA";500,00
41322699;"GANADERÍA";"OTROS GASTOS DIVERSOS FINCA EXPERIMENTAL";6000,00
41322709;"GANADERÍA";"CONVENIO ISONORTE COMPOSTAJE FINCA";18000,00
41346200;"GANADERÍA";"SUBVENCIÓN AYTO. BREÑA ALTA FERIA GANADERA";2500,00
41346201;"GANADERÍA";"SUBVENCIÓN AYTO. GARAFÍA FERIA GANADERA";2500,00
41346202;"GANADERÍA";"SUBVENCIÓN AYTO. LOS LLANOS DE ARIDANE FERIA GANADERA";2500,00
41346203;"GANADERÍA";"SUBVENCIÓN AYTO. PUNTALLANA FERIA GANADERA";2500,00
41346204;"GANADERÍA";"SUBVENCIÓN AYTO. EL PASO FERIA GANADERA";2500,00
41348900;"GANADERÍA";"CONVENIO AVAPAL CENTRO TESTAJE";25000,00
41363200;"GANADERÍA";"OBRAS FINCA Y ADQUISIC. MAQUIN.";10000,00
41448903;"DESARROLLO RURAL";"SUBVENCIÓN ADER GASTOS DE FUNCIONAMIENTO";115000,00
41478900;"DESARROLLO RURAL";"SUBVENCIÓN ADER INVERSIÓN";50000,00
41621300;"LABORATORIO";"REPARACIÓN MAQUINARIA";1800,00
41622104;"LABORATORIO";"VESTUARIO";100,00
41622107;"LABORATORIO";"MATERIAL TÉCNICO LABORATORIO";5000,00
41642500;"LABORATORIO";"CONV. CONSEJO SUPERIOR INVESTIG. CIENTÍFICAS INVESTIG AGRICULTURA SOSTENIBLE";80000,00
41662300;"LABORATORIO";"ADQUISICIÓN DE MAQUINARIA Y OBRAS";5000,00
41720300;"CENTRAL HORTOFRUTÍCOLA";"ARRENDAMIENTOS DE MAQUINARIA, INSTAL. Y UTILLAJE";100,00
41721200;"CENTRAL HORTOFRUTÍCOLA";"CONSERVACIÓN Y REPARACIÓN EDIFICIOS";6000,00
41721300;"CENTRAL HORTOFRUTÍCOLA";"CONSERVACIÓN Y REPARACIÓN MAQUINARIA";11000,00
41722104;"CENTRAL HORTOFRUTÍCOLA";"VESTUARIO";1000,00
41722199;"CENTRAL HORTOFRUTÍCOLA";"SUMINISTROS VARIOS";7000,00
41722300;"CENTRAL HORTOFRUTÍCOLA";"CENTRAL TRANSPORTES";1500,00
41722400;"CENTRAL HORTOFRUTÍCOLA";"PRIMA SEGURO";3204,00
41722699;"CENTRAL HORTOFRUTÍCOLA";"GASTOS DIVERSOS CENTRAL";2500,00
41762700;"CENTRAL HORTOFRUTÍCOLA";"INVERSIONES CENTRAL HORTOFRUTÍCOLA";35000,00
41922108;"OTRAS ACTUACIONES EN AGRICULTURA,GANADERÍA Y PESCA";"CAMPAÑA DESRATIZACIÓN Y CONTROL DE PLAGAS";70000,00
41922709;"OTRAS ACTUACIONES EN AGRICULTURA,GANADERÍA Y PESCA";"SERVICIO PARTES METEOROLÓGICOS Y CONTROL PLAGAS";1000,00
41944900;"OTRAS ACTUACIONES EN AGRICULTURA,GANADERÍA Y PESCA";"APORTACIÓN SODEPAL PROYECTO CENTRO AGRODIVERSIDAD";65692,49
41944901;"OTRAS ACTUACIONES EN AGRICULTURA,GANADERÍA Y PESCA";"APORTACIÓN SODEPAL PROYECTO MARÍTIMO PESQUERO";110937,34
41944902;"OTRAS ACTUACIONES EN AGRICULTURA,GANADERÍA Y PESCA";"APORTACIÓN SODEPAL PROYECTO PLANIFICACIÓN Y COMERCIALIZACIÓN";335948,73
41947904;"OTRAS ACTUACIONES EN AGRICULTURA,GANADERÍA Y PESCA";"SUBVENCIÓN CONSEJO REGULADOR DEL VINO PROMOCIÓN VINOS";20000,00
41948800;"OTRAS ACTUACIONES EN AGRICULTURA,GANADERÍA Y PESCA";"APORTACIÓN FUNDACIÓN ALHÓNDIGA";1500,00
41948900;"OTRAS ACTUACIONES EN AGRICULTURA,GANADERÍA Y PESCA";"SUBVENCIONES AGR. GAN. Y PESCA";345000,00
41948902;"OTRAS ACTUACIONES EN AGRICULTURA,GANADERÍA Y PESCA";"APORTACIÓN CENTRO I. DE AGRICULTURA BIOLÓGICA";39973,00
41948903;"OTRAS ACTUACIONES EN AGRICULTURA,GANADERÍA Y PESCA";"SUBV. COFRADIA PESCADORES NTA. SRA. DEL CARMEN GASTOS FUNCIONAMIENTO";23500,00
41948904;"OTRAS ACTUACIONES EN AGRICULTURA,GANADERÍA Y PESCA";"SUBV. COFRADIA PESCADORES NTRA. SRA. DE LAS NIEVES GASTOS FUNCIONAMIENTO";23500,00
41948905;"OTRAS ACTUACIONES EN AGRICULTURA,GANADERÍA Y PESCA";"SUBV. CONSEJO REGULADOR D.O. DEL QUESO PALMERO GASTOS FUNCIONAMIENTO";25000,00
41948906;"OTRAS ACTUACIONES EN AGRICULTURA,GANADERÍA Y PESCA";"SUBV. CONSEJO REGULADOR D.O. VINOS DE LA PALMA GASTOS FUNCIONAMIENTO";25000,00
41948907;"OTRAS ACTUACIONES EN AGRICULTURA,GANADERÍA Y PESCA";"SUBV. ASOC. AGROGANADERA EL FRESCAL PARA TRILLADO DE CEREAL";3000,00
41978900;"OTRAS ACTUACIONES EN AGRICULTURA,GANADERÍA Y PESCA";"SUBVENCIONES/CONVENIOS AGR. GAN. Y PESCA";80000,00
42022001;"ADMINISTRACIÓN GENERAL DE INDUSTRIA Y ENERGÍA";"LIBROS, PRENSA, REVISTAS Y OTRAS COMUNICACIONES";95,00
42022300;"ADMINISTRACIÓN GENERAL DE INDUSTRIA Y ENERGÍA";"TRANSPORTES Y MENSAJERÍA";237,00
42022706;"ADMINISTRACIÓN GENERAL DE INDUSTRIA Y ENERGÍA";"ESTUDIOS Y TRABAJOS TÉCNICOS";20000,00
42022699;"ADMINISTRACIÓN GENERAL DE INDUSTRIA Y ENERGÍA";"GASTOS DIVERSOS";807,50
42222602;"INDUSTRIA";"PUBLICIDAD Y PROPAGANDA";1000,00
42222706;"INDUSTRIA";"ESTUDIOS Y PROYECTOS INDUSTRIALES";3000,00
42222707;"INDUSTRIA";"ASISTENCIA TÉCNICA INDUSTRIA";12000,00
42222710;"INDUSTRIA";"CONVENIO ENCOMIENDA SODEPAL: CENTRO EMPRESARIAL E INDUSTRIAL LA PALMA";168298,68
42262700;"INDUSTRIA";"OBRAS EN ZONAS INDUSTRIALES";75000,00
42562700;"ENERGÍA";"INVERSIONES EFICIENCIA ENÉRGETICA";599998,00
42578900;"ENERGÍA";"SUBV. FOMENTO AUTOCONSUMO ENERGÉTICO";140000,00
42612000;"ARTESANÍA";"SUELDOS GRUPO A1";15231,71
42612004;"ARTESANÍA";"SUELDOS GRUPO C2";8467,70
42612006;"ARTESANÍA";"TRIENIOS";7548,63
42612100;"ARTESANÍA";"COMPLEMENTO DE DESTINO";18963,00
42612101;"ARTESANÍA";"COMPLEMENTO ESPECÍFICO";23324,28
42612103;"ARTESANÍA";"OTROS COMPLEMENTOS";16639,46
42613000;"ARTESANÍA";"RETRIBUCIONES BÁSICAS PERSONAL LABORAL FIJO";10238,29
42613002;"ARTESANÍA";"OTRAS REMUNERACIONES";15738,53
42615000;"ARTESANÍA";"PRODUCTIVIDAD";561,84
42616000;"ARTESANÍA";"SEGURIDAD SOCIAL";38165,00
42622000;"ARTESANÍA";"MATERIAL DE OFICINA";1000,00
42622114;"ARTESANÍA";"MATERIAL TÉCNICO Y DECORACIÓN ESCUELA";460,00
42622300;"ARTESANÍA";"TRANSPORTE DOCUMENTOS";400,00
42622602;"ARTESANÍA";"PUBLICIDAD Y PROPAGANDA CENTROS DE VENTA";600,00
42622606;"ARTESANÍA";"CURSOS";6000,00
42622610;"ARTESANÍA";"FERIA INSULAR DE ARTESANÍA Y ALIMENTACIÓN";75000,00
42622611;"ARTESANÍA";"ACTIVIDADES DIVERSAS";8000,00
42622612;"ARTESANÍA";"FERIA REGIONAL DE ARTESANÍA Y OTROS EVENTOS";9000,00
42622707;"ARTESANÍA";"PUBLICACIONES ARTESANÍA";525,00
42623020;"ARTESANÍA";"DIETAS DEL PERSONAL";600,00
42623120;"ARTESANÍA";"LOCOMOCIÓN DEL PERSONAL";450,00
42644900;"ARTESANÍA";"SUBV. SODEPAL PROYECTO LA PALMA ARTESANÍA ";42000,00
42646200;"ARTESANÍA";"SUBV. AYTO. EL PASO GEST. MUSEO SEDA ";30855,36
42647300;"ARTESANÍA";"SUBVENCIÓN HILANDERAS EL PASO GASTOS CORRIENTES";4000,00
42647301;"ARTESANÍA";"SUBV. GASTOS CORRIENTES ARTESANOS LA PALMA";6000,00
42648900;"ARTESANÍA";"SUBV. ASISTENCIAS A FERIAS FUERA DEL ÁMBITO DE CANARIAS";2500,00
42662201;"ARTESANÍA";"EQUIPAMIENTO FERIA INSULAR";5000,00
42662500;"ARTESANÍA";"EQUIPAMIENTO CENTROS DE VENTA ARTESANÍA";3000,00
42662502;"ARTESANÍA";"EQUIPAMIENTO CARPA";3000,00
43146200;"COMERCIO";"APORTAC. AYTOS. CAMPAÑA DE NAVIDAD";12000,00
43147304;"COMERCIO";"APORTAC. A FEDERACIONES DE COMERCIANTES Y EMPRESARIOS PARA DINAMIZACIÓN SOCIOECONÓMICA ";46200,00
43148900;"COMERCIO";"SUBV. ASOC. COMERCIANTES-EMPRESARIOS GASTOS FUNCIONAMIENTO";25000,00
43165000;"COMERCIO";"ACONDICIONAMIENTO MOBILIARIO URBANO AVDA. VENEZUELA (LOS LLANOS DE ARIDANE)";18000,00
43177000;"COMERCIO";"CONVENIO CÁMARA DE COMERCIO, INDUSTRIA Y NAVEGACIÓN, VIVERO DE EMPRESAS";7215,00
43212000;"ORDENACIÓN Y PROMOCIÓN TURÍSTICA";"SUELDOS GRUPO A1";45695,14
43212001;"ORDENACIÓN Y PROMOCIÓN TURÍSTICA";"SUELDOS GRUPO A2";13284,68
43212003;"ORDENACIÓN Y PROMOCIÓN TURÍSTICA";"SUELDOS GRUPO C1";10077,59
43212004;"ORDENACIÓN Y PROMOCIÓN TURÍSTICA";"SUELDOS GRUPO C2";8467,70
43212006;"ORDENACIÓN Y PROMOCIÓN TURÍSTICA";"TRIENIOS";14960,13
43212100;"ORDENACIÓN Y PROMOCIÓN TURÍSTICA";"COMPLEMENTO DE DESTINO";52233,02
43212101;"ORDENACIÓN Y PROMOCIÓN TURÍSTICA";"COMPLEMENTO ESPECÍFICO";74982,04
43212103;"ORDENACIÓN Y PROMOCIÓN TURÍSTICA";"OTROS COMPLEMENTOS";46808,94
43213000;"ORDENACIÓN Y PROMOCIÓN TURÍSTICA";"RETRIBUCIONES BÁSICAS PERSONAL LABORAL FIJO";120017,32
43213002;"ORDENACIÓN Y PROMOCIÓN TURÍSTICA";"OTRAS REMUNERACIONES";198426,40
43215000;"ORDENACIÓN Y PROMOCIÓN TURÍSTICA";"PRODUCTIVIDAD";3183,76
43216000;"ORDENACIÓN Y PROMOCIÓN TURÍSTICA";"SEGURIDAD SOCIAL";163389,52
43220200;"ORDENACIÓN Y PROMOCIÓN TURÍSTICA";"ARRENDAMIENTO PUNTO INFORMC. AEROPUERTO";2000,00
43221600;"ORDENACIÓN Y PROMOCIÓN TURÍSTICA";"MATERIAL INFORMÁTICO ";2000,00
43221900;"ORDENACIÓN Y PROMOCIÓN TURÍSTICA";"REPARACIÓN Y MANTENIMIENTO PANELES";2000,00
43222000;"ORDENACIÓN Y PROMOCIÓN TURÍSTICA";"MATERIAL DE OFICINA";1300,00
43222001;"ORDENACIÓN Y PROMOCIÓN TURÍSTICA";"PRENSA REVISTAS Y PUBLICACIONES";200,00
43222002;"ORDENACIÓN Y PROMOCIÓN TURÍSTICA";"SERVICIOS DE TELECOMUNICACIONES";2350,00
43222003;"ORDENACIÓN Y PROMOCIÓN TURÍSTICA";"COMUNICACIONES INFORMÁTICAS";1500,00
43222300;"ORDENACIÓN Y PROMOCIÓN TURÍSTICA";"TRANSPORTES Y MENSAJERÍA";20352,26
43222400;"ORDENACIÓN Y PROMOCIÓN TURÍSTICA";"POLIZA DE SEGURO";1500,00
43222602;"ORDENACIÓN Y PROMOCIÓN TURÍSTICA";"PUBLICIDAD Y PROPAGANDA";200000,00
43222603;"ORDENACIÓN Y PROMOCIÓN TURÍSTICA";"PUBLICACIONES EN DIARIOS OFICIALES";300,00
43222606;"ORDENACIÓN Y PROMOCIÓN TURÍSTICA";"REUNIONES, CURSOS Y CONFERENCIAS";5000,00
43222608;"ORDENACIÓN Y PROMOCIÓN TURÍSTICA";"ACCIONES PROMOCIÓN TURISMO VOLCANES, ESTRELLAS";25000,00
43222609;"ORDENACIÓN Y PROMOCIÓN TURÍSTICA";"PROGRAMAS EUROPEOS ASTROTURISMO Y CONTAMINACIÓN LUMÍNICA";50000,00
43222610;"ORDENACIÓN Y PROMOCIÓN TURÍSTICA";"ACCIONES DE PROMOCIÓN TURISMO OCIO ACTIVO";20000,00
43222632;"ORDENACIÓN Y PROMOCIÓN TURÍSTICA";"CONTRATO PATROCINIO TRAVESÍA A NADO";20000,00
43222691;"ORDENACIÓN Y PROMOCIÓN TURÍSTICA";"OTROS CONTRATOS DE PROMOCIÓN TURÍSTICA";15000,00
43222692;"ORDENACIÓN Y PROMOCIÓN TURÍSTICA";"CONTRATO PATROCINIO MENSAJERO CLUB DE FUTBOL";30800,00
43222693;"ORDENACIÓN Y PROMOCIÓN TURÍSTICA";"CONTRATO PATROCINIO DE FESTIVALITO";27000,00
43222694;"ORDENACIÓN Y PROMOCIÓN TURÍSTICA";"CONTRATO PATROCINIO ACAPO FESTIVAL DE MÚSICA 2017";47300,00
43222695;"ORDENACIÓN Y PROMOCIÓN TURÍSTICA";"CONTRATO PATROCINIO ACAPO FESTIVAL DE MÚSICA 2018";30000,00
43222696;"ORDENACIÓN Y PROMOCIÓN TURÍSTICA";"EVENTOS PROMOCIÓN TURÍSTICA";15000,00
43222697;"ORDENACIÓN Y PROMOCIÓN TURÍSTICA";"ASISTENCIAS A FERIAS";25000,00
43222698;"ORDENACIÓN Y PROMOCIÓN TURÍSTICA";"PROMOCIÓN TURÍSTICA";380000,00
43222699;"ORDENACIÓN Y PROMOCIÓN TURÍSTICA";"OTROS GASTOS DIVERSOS";2000,00
43222706;"ORDENACIÓN Y PROMOCIÓN TURÍSTICA";"ESTUDIOS Y TRABAJOS TÉCNICOS";25000,00
43222707;"ORDENACIÓN Y PROMOCIÓN TURÍSTICA";"ASISTENCIAS TÉCNICAS TURÍSTICAS";15000,00
43222709;"ORDENACIÓN Y PROMOCIÓN TURÍSTICA";"GESTIÓN SERVICIOS PROMOCIÓN TURÍSTICA MERCADOS EMISORES";211259,50
43222710;"ORDENACIÓN Y PROMOCIÓN TURÍSTICA";"EDICIONES LIBROS DE FOTOGRAFÍAS";25000,00
43222712;"ORDENACIÓN Y PROMOCIÓN TURÍSTICA";"GESTIÓN OFICINAS INFORMACIÓN TURÍSTICAS";70000,00
43222713;"ORDENACIÓN Y PROMOCIÓN TURÍSTICA";"GESTIÓN DE CENTROS DE INTERÉS TURÍSTICO";90000,00
43223020;"ORDENACIÓN Y PROMOCIÓN TURÍSTICA";"DIETAS PERSONAL";10000,00
43223120;"ORDENACIÓN Y PROMOCIÓN TURÍSTICA";"GASTOS DE LOCOMOCIÓN";10000,00
43244900;"ORDENACIÓN Y PROMOCIÓN TURÍSTICA";"APORTACIÓN SODEPAL FILM COMISSIÓN";121000,00
43246200;"ORDENACIÓN Y PROMOCIÓN TURÍSTICA";"SUBVENCIÓN AYUNTAMIENTO DE VILLA DE MAZO CORPUS CHRISTI";7000,00
43246201;"ORDENACIÓN Y PROMOCIÓN TURÍSTICA";"SUBV. AYTO. S/C DE LA PALMA, FIESTA DE LOS INDIANOS";5000,00
43246202;"ORDENACIÓN Y PROMOCIÓN TURÍSTICA";"SUBVENCIÓN AYUNTAMIENTO SANTA CRUZ DE LA PALMA PROMOCIÓN TURÍSTICA EVENTOS";8000,00
43246700;"ORDENACIÓN Y PROMOCIÓN TURÍSTICA";"SUBVENCIÓN FUNDACIÓN CANARIA RESERVA DE LA BIOSFERA DESTINO SOSTENIBLE";10000,00
43248900;"ORDENACIÓN Y PROMOCIÓN TURÍSTICA";"SUBV. CENTRO DE INICIATIVAS TURÍSTICAS";15000,00
43248901;"ORDENACIÓN Y PROMOCIÓN TURÍSTICA";"SUBVENCIÓN ADER FORMACIÓN";1000,00
43248904;"ORDENACIÓN Y PROMOCIÓN TURÍSTICA";"SUBVENCIÓN ASOCIACIONES TURISMO ACTIVO";4000,00
43248905;"ORDENACIÓN Y PROMOCIÓN TURÍSTICA";"SUBVENCIÓN ASOCIACIONES EMPRESAS TURISMO RURAL";4000,00
43248906;"ORDENACIÓN Y PROMOCIÓN TURÍSTICA";"SUBV. FUNDACIÓN STARLIGHT CONGRESO X ANIVERSARIO";50000,00
43262500;"ORDENACIÓN Y PROMOCIÓN TURÍSTICA";"MOBILIARIO Y ENSERES";2000,00
43262600;"ORDENACIÓN Y PROMOCIÓN TURÍSTICA";"EQUIPOS PARA PROCESOS DE INFORMACION";1500,00
43262701;"ORDENACIÓN Y PROMOCIÓN TURÍSTICA";"CENTRO VISITANTES ROQUE LOS MUCHACHOS";1604558,21
43262704;"ORDENACIÓN Y PROMOCIÓN TURÍSTICA";"OTRAS OBRAS Y PROYECTOS TURÍSTICOS";38252,50
43265000;"ORDENACIÓN Y PROMOCIÓN TURÍSTICA";"PROYECTO IBARROLA GARAFÍA";140000,00
43265001;"ORDENACIÓN Y PROMOCIÓN TURÍSTICA";"FUENTE SANTA";90000,00
43276200;"ORDENACIÓN Y PROMOCIÓN TURÍSTICA";"CONVENIO AYUNTAMIENTO ACCIONES TURISMO";30000,00
43276202;"ORDENACIÓN Y PROMOCIÓN TURÍSTICA";"SUBV. AYTO. S/C DE LA PALMA OBRA ASCENSOR PANÓRAMICO";150000,00
43276204;"ORDENACIÓN Y PROMOCIÓN TURÍSTICA";"SUBV. AYTO. TIJARAFE OBRA MIRADOR DEL UNIVERSO";129702,70
43276205;"ORDENACIÓN Y PROMOCIÓN TURÍSTICA";"SUBV. AYTO. BREÑA BAJA MUSEO DE LA SAL";125000,00
43922612;"OTRAS ACTUACIONES SECTORIALES";"DINAMIZACIÓN SOCIOECONÓMICA ";20000,00
43944900;"OTRAS ACTUACIONES SECTORIALES";"APORTACIÓN SODEPAL ORGANIZACIÓN Y EJECUCIÓN ISLA BONITA LOVE FESTIVAL";125000,00
43944901;"OTRAS ACTUACIONES SECTORIALES";"APORTACIÓN SODEPAL FESTIVAL DEL MAR";25000,00
43944902;"OTRAS ACTUACIONES SECTORIALES";"APORTACIÓN SODEPAL FESTIVAL DEL MOTOR";10000,00
43944903;"OTRAS ACTUACIONES SECTORIALES";"APORTACIÓN SODEPAL PLAN INSULAR DE MODA";90000,00
43946200;"OTRAS ACTUACIONES SECTORIALES";"SUBV. AYTOS. DINAMIZACIÓN SOCIOECONÓMICA";50000,00
43946202;"OTRAS ACTUACIONES SECTORIALES";"SUBV. PROMOCIÓN Y DINAMIZACIÓN ECONÓMICA AYTOS. RURALES DE LA PALMA";54000,00
43948902;"OTRAS ACTUACIONES SECTORIALES";"SUBV. ASOCIACIONES PARA GASTOS POR PARTICIPAIÓN EVENTOS DEL CARNAVAL";30000,00
44012000;"ADMINISTRACIÓN GENERAL DEL TRANSPORTE";"SUELDOS GRUPO A1";15231,71
44012003;"ADMINISTRACIÓN GENERAL DEL TRANSPORTE";"SUELDOS GRUPO C1";20155,17
44012004;"ADMINISTRACIÓN GENERAL DEL TRANSPORTE";"SUELDOS GRUPO C2";42338,52
44012006;"ADMINISTRACIÓN GENERAL DEL TRANSPORTE";"TRIENIOS";10810,07
44012100;"ADMINISTRACIÓN GENERAL DEL TRANSPORTE";"COMPLEMENTO DE DESTINO";48311,76
44012101;"ADMINISTRACIÓN GENERAL DEL TRANSPORTE";"COMPLEMENTO ESPECÍFICO";56989,10
44012103;"ADMINISTRACIÓN GENERAL DEL TRANSPORTE";"OTROS COMPLEMENTOS";40166,11
44013000;"ADMINISTRACIÓN GENERAL DEL TRANSPORTE";"RETRIBUCIONES BÁSICAS PERSONAL LABORAL";13392,46
44013002;"ADMINISTRACIÓN GENERAL DEL TRANSPORTE";"OTRAS REMUNERACIONES";20042,26
44015000;"ADMINISTRACIÓN GENERAL DEL TRANSPORTE";"PRODUCTIVIDAD";1685,52
44016000;"ADMINISTRACIÓN GENERAL DEL TRANSPORTE";"SEGURIDAD SOCIAL";84228,85
44021600;"ADMINISTRACIÓN GENERAL DEL TRANSPORTE";"GASTOS INFORMÁTICOS Y MANTENIMIENTO PROGRAMA";12037,50
44022000;"ADMINISTRACIÓN GENERAL DEL TRANSPORTE";"MATERIAL DE OFICINA";100,00
44022300;"ADMINISTRACIÓN GENERAL DEL TRANSPORTE";"TRANSPORTES Y MENSAJERÍA";50,00
44022699;"ADMINISTRACIÓN GENERAL DEL TRANSPORTE";"GASTOS DIVERSOS";3000,00
44121900;"PROMOCIÓN, MANTENIMIENTO Y DESARROLLO DEL TRANSPORTE";"CONTRATO PROGRAMA TRANSPORTES SERVICIO REGULAR";339520,22
44147200;"PROMOCIÓN, MANTENIMIENTO Y DESARROLLO DEL TRANSPORTE";"SUBVENCIÓN BONOS TRANSPORTE DE VIAJEROS POR CARRETERA";1000000,00
44147201;"PROMOCIÓN, MANTENIMIENTO Y DESARROLLO DEL TRANSPORTE";"SUBVENCIÓN TRANSPORTE INSULAR LA PALMA SOC. COOP. DEFICIT EXPLOTACIÓN EJERCICIOS 2012-2013";324156,62
44147202;"PROMOCIÓN, MANTENIMIENTO Y DESARROLLO DEL TRANSPORTE";"SUBVENCIÓN TRANSPORTE INSULAR LA PALMA SOC. COOP. DEFICIT EXPLOTACIÓN EJERCICIO 2014";517173,77
44162500;"PROMOCIÓN, MANTENIMIENTO Y DESARROLLO DEL TRANSPORTE";"MOBILIARIO Y ENSERES";100,00
44162600;"PROMOCIÓN, MANTENIMIENTO Y DESARROLLO DEL TRANSPORTE";"EQUIPOS PARA PROCESOS DE INFORMACIÓN";400,00
44162700;"PROMOCIÓN, MANTENIMIENTO Y DESARROLLO DEL TRANSPORTE";"INVERSIONES TRANSPORTES REGULAR";500,00
45012000;"ADMINISTRACIÓN GENERAL DE INFRAESTRUCTURA";"SUELDOS GRUPO A1";45695,14
45012001;"ADMINISTRACIÓN GENERAL DE INFRAESTRUCTURA";"SUELDOS GRUPO A2";39854,04
45012003;"ADMINISTRACIÓN GENERAL DE INFRAESTRUCTURA";"SUELDOS GRUPO C1";30232,76
45012004;"ADMINISTRACIÓN GENERAL DE INFRAESTRUCTURA";"SUELDOS GRUPO C2";42338,52
45012005;"ADMINISTRACIÓN GENERAL DE INFRAESTRUCTURA";"SUELDOS GRUPO E";7755,44
45012006;"ADMINISTRACIÓN GENERAL DE INFRAESTRUCTURA";"TRIENIOS";35191,22
45012100;"ADMINISTRACIÓN GENERAL DE INFRAESTRUCTURA";"COMPLEMENTO DE DESTINO";106229,06
45012101;"ADMINISTRACIÓN GENERAL DE INFRAESTRUCTURA";"COMPLEMENTO ESPECÍFICO";133461,41
45012103;"ADMINISTRACIÓN GENERAL DE INFRAESTRUCTURA";"OTROS COMPLEMENTOS";97260,20
45013000;"ADMINISTRACIÓN GENERAL DE INFRAESTRUCTURA";"RETRIBUCIONES BÁSICAS PERSONAL LABORAL FIJO";409701,05
45013002;"ADMINISTRACIÓN GENERAL DE INFRAESTRUCTURA";"OTRAS REMUNERACIONES";608996,60
45013100;"ADMINISTRACIÓN GENERAL DE INFRAESTRUCTURA";"LABORAL TEMPORAL";20725,88
45015000;"ADMINISTRACIÓN GENERAL DE INFRAESTRUCTURA";"PRODUCTIVIDAD";11892,28
45016000;"ADMINISTRACIÓN GENERAL DE INFRAESTRUCTURA";"SEGURIDAD SOCIAL";493932,76
45021600;"ADMINISTRACIÓN GENERAL DE INFRAESTRUCTURA";"REPARACIÓN Y MANTENIMIENTO DE EQUIPOS INFORMÁTICOS";3200,00
45022000;"ADMINISTRACIÓN GENERAL DE INFRAESTRUCTURA";"MATERIAL DE OFICINA";2000,00
45022001;"ADMINISTRACIÓN GENERAL DE INFRAESTRUCTURA";"LIBROS, PRENSA, REVISTAS Y OTRAS PUBLICACIONES";650,00
45022300;"ADMINISTRACIÓN GENERAL DE INFRAESTRUCTURA";"TRANSPORTES Y MENSAJERÍA";800,00
45022602;"ADMINISTRACIÓN GENERAL DE INFRAESTRUCTURA";"PUBLICIDAD Y PROPAGANDA";8000,00
45035200;"ADMINISTRACIÓN GENERAL DE INFRAESTRUCTURA";"INTERESES DE DEMORA INFRAESTRUCTURA";1000,00
45241000;"RECURSO HIDRAULICOS";"APORTACIÓN CONSEJO INSULAR DE AGUAS";856927,11
45271000;"RECURSO HIDRAULICOS";"APORTACIÓN CONSEJO INSULAR DE AGUAS";3475208,37
45320300;"CARRETERAS";"ARRENDAMIENTO VEHÍCULOS Y MAQUINARIA";15000,00
45321000;"CARRETERAS";"INFRAESTRUCTURA Y BIENES NATURALES CARRETERAS";60000,00
45321001;"CARRETERAS";"CONSERVACIÓN RED RECIBIDA";200000,00
45321002;"CARRETERAS";"REPARACIÓN INFRAESTR Y BIENES NATURALES DAÑOS VIAS ";1000,00
45321003;"CARRETERAS";"CONSERVACIÓN TÚNEL LA CUMBRE Y VÍA EXTERIOR LP-20";1500000,00
45321300;"CARRETERAS";"MAQUINARIA, INSTALACIONES Y UTILLAJE";4000,00
45321400;"CARRETERAS";"ELEMENTOS DE TRANSPORTE";15000,00
45322002;"CARRETERAS";"MATERIAL INFORMÁTICO NO INVENTARIABLE";3200,00
45322100;"CARRETERAS";"SUMINISTRO ENERGÍA ELÉCTRICA";150000,00
45322101;"CARRETERAS";"SUMINISTRO AGUA";20000,00
45322103;"CARRETERAS";"COMBUSTIBLES Y CARBURANTES CARRETERAS";45000,00
45322104;"CARRETERAS";"VESTUARIO CARRETERAS";10000,00
45322111;"CARRETERAS";"SUMINISTRO DE RESPUESTOS DE MAQUINARIA,UTILLAJE Y ELEM TRANSPORTE";21500,00
45322502;"CARRETERAS";"TRIBUTOS LOCALES";5500,00
45322610;"CARRETERAS";"ENCUESTA DE INFRAESTRUCTURA";9295,00
45322611;"CARRETERAS";"INDEMNIZACIONES DAÑOS RESPONSABILIDAD PATRIMONIAL";42750,00
45322702;"CARRETERAS";"VALORACIONES Y PERITAJES";500,00
45322706;"CARRETERAS";"ESTUDIOS Y TRABAJOS TÉCNICOS";25000,00
45322707;"CARRETERAS";"PROYECTO SAN BERNARDO, EDUCACIÓN VIAL Y OTROS";30000,00
45346201;"CARRETERAS";"PLAN INSULAR DE COOPERACIÓN MUNICIPAL: SERVICIOS ";250000,00
45361000;"CARRETERAS";"INVERSIONES EN TERRENOS DESTINADOS AL USO GENERAL";2500,00
45361100;"CARRETERAS";"PLAN SECTORIAL ACONDICIONAMIENTO DE CARRETERAS";150000,00
45361101;"CARRETERAS";"PLAN REPAVIMENTACIÓN CARRETERAS (2017-2018)";527968,75
45362300;"CARRETERAS";"MAQUINARIA, INSTALACIONES TÉCNICAS Y UTILLAJE";20000,00
45362500;"CARRETERAS";"BIENES MUEBLES INFRAESTRUCTURA";10000,00
45362600;"CARRETERAS";"EQUIPOS PARA PROCESO DE INFORMACIÓN";2000,00
45365000;"CARRETERAS";"GASTOS EN INVERSIONES GESTIONADAS PARA OTROS ENTES PÚBLICOS";40000,00
45376201;"CARRETERAS";"PLAN INSULAR DE DE COOPERACIÓN EN OBRAS ";2450000,00
45376202;"CARRETERAS";"SUBV. AYTO. TAZACORTE PARA LA OBRA DE LA TRAVESÍA";75000,00
45378900;"CARRETERAS";"SUBV. ADEA MEJORAS CIRCUITO";10000,00
45962200;"OTRAS INFRAESTRUCTURAS";"CENTRO DE INTERPRETACIÓN DEL MUNDO RURAL DE BARLOVENTO: VALLADO, CERRAMIENTOS";100000,00
45962700;"OTRAS INFRAESTRUCTURAS";"INVERSIONES FDCAN";1684920,11
49112000;"SOCIEDAD DE LA INFORMACIÓN";"SUELDOS GRUPO A1";15231,71
49112006;"SOCIEDAD DE LA INFORMACIÓN";"TRIENIOS";1757,39
49112100;"SOCIEDAD DE LA INFORMACIÓN";"COMPLEMENTO DE DESTINO";11770,22
49112101;"SOCIEDAD DE LA INFORMACIÓN";"COMPLEMENTO ESPECÍFICO";17398,50
49112103;"SOCIEDAD DE LA INFORMACIÓN";"OTROS COMPLEMENTOS";8757,44
49113000;"SOCIEDAD DE LA INFORMACIÓN";"RETRIBUCIONES BÁSICAS PERSONAL LABORAL FIJO";11182,54
49113002;"SOCIEDAD DE LA INFORMACIÓN";"OTRAS REMUNERACIONES PERSONAL LABORAL FIJO";18241,95
49115000;"SOCIEDAD DE LA INFORMACIÓN";"PRODUCTIVIDAD";374,56
49116000;"SOCIEDAD DE LA INFORMACIÓN";"SEGURIDAD SOCIAL";20297,52
49121700;"SOCIEDAD DE LA INFORMACIÓN";"MANTENIMIENTO DE LA APLICACIÓN MÓVIL (APP)";5000,00
49121900;"SOCIEDAD DE LA INFORMACIÓN";"MANTENIMIENTO DE LA RED DE TELECOMUNICACIONES";10000,00
49121901;"SOCIEDAD DE LA INFORMACIÓN";"MANTENIMIENTO DE LA RED DE LOS SENSORES";20000,00
49122000;"SOCIEDAD DE LA INFORMACIÓN";"MATERIAL OFICINA";1000,00
49122606;"SOCIEDAD DE LA INFORMACIÓN";"REUNIONES, CONFERENCIAS Y CURSOS";7000,00
49122706;"SOCIEDAD DE LA INFORMACIÓN";"ESTUDIOS Y TRABAJOS TÉCNICOS";30000,00
49122707;"SOCIEDAD DE LA INFORMACIÓN";"PROYECTOS NUEVAS TECNOLOGÍAS Y COMUNICACIONES";15000,00
49122709;"SOCIEDAD DE LA INFORMACIÓN";"ADECUACIÓN DEL CPD Y EL CENTRO COORDINADOR";20000,00
49142200;"SOCIEDAD DE LA INFORMACIÓN";"SUBV. EOI PROGRAMA FORMATIVO JUVENIL Y COWORKING";90550,00
49148900;"SOCIEDAD DE LA INFORMACIÓN";"SUBVENCIÓN AMPAS PARTICIPACIÓN EN LA FIRST LEGO";5000,00
49148901;"SOCIEDAD DE LA INFORMACIÓN";"APORTACIÓN PROGRAMA EDUCATIVO SOLARLAB";3000,00
49162700;"SOCIEDAD DE LA INFORMACIÓN";"INVERSIONES TELECOMUNICACIONES:RED TRONCAL Y OTROS";40000,00
49162701;"SOCIEDAD DE LA INFORMACIÓN";"OBRAS E INVERSIONES GIS";26750,00
49162704;"SOCIEDAD DE LA INFORMACIÓN";"EQUIPAMIENTO E INVERSIÓN OFICINAS";10000,00
49162705;"SOCIEDAD DE LA INFORMACIÓN";"RED DE SENSORES";40000,00
49164100;"SOCIEDAD DE LA INFORMACIÓN";"DESARROLLO APLICACIONES MÓVILES";6000,00
91210000;"ORGANOS DE GOBIERNO";"RETRIBUCIONES BÁSICAS ÓRGANOS DE GOBIERNO";773210,28
91210001;"ORGANOS DE GOBIERNO";"OTRAS REMUNERACIONES ASITENC. PLENOS Y COMISIONES";54900,00
91211000;"ORGANOS DE GOBIERNO";"RETRIBUCIONES BÁSICAS PERSONAL EVENTUAL";137899,38
91211001;"ORGANOS DE GOBIERNO";"RETRIBUCIONES COMPLEMENTARIAS PERSONAL EVENTUAL";228967,07
91216000;"ORGANOS DE GOBIERNO";"SEGURIDAD SOCIAL";307270,92
91222000;"ORGANOS DE GOBIERNO";"MATERIAL DE OFICINA ORDINARIO NO INVENTARIABLE";1500,00
91222001;"ORGANOS DE GOBIERNO";"PRENSA, REVISTAS, LIBROS Y OTRAS PUBLICACIONES";3000,00
91222601;"ORGANOS DE GOBIERNO";"ATENCIONES PROTOCOLARIAS Y REPRESENTATIVAS";20000,00
91222610;"ORGANOS DE GOBIERNO";"OTRAS ATENCIONES DE PRESIDENCIA";10000,00
91222611;"ORGANOS DE GOBIERNO";"ACTOS INSTITUCIONALES Y AYUDAS ACTOS MUNICIPALES";18000,00
91222613;"ORGANOS DE GOBIERNO";"ESCUDOS CABILDO INSULAR";500,00
91222615;"ORGANOS DE GOBIERNO";"ATENCIONES CONGRESOS. EXPOSIC, EFEMÉRIDES Y OTROS";2000,00
91222616;"ORGANOS DE GOBIERNO";"GASTOS DIVERSOS DE REPRESENTACIÓN DIFERENTES ÁREA";2000,00
91222706;"ORGANOS DE GOBIERNO";"ESTUDIOS Y TRABAJOS TÉCNICOS";5000,00
91223000;"ORGANOS DE GOBIERNO";"DIETAS DE LOS MIEMBROS DE LOS ÓRGANOS DE GOBIERNO";15000,00
91223100;"ORGANOS DE GOBIERNO";"LOCOMOCIÓN DE LOS MIEMBROS DE LOS ÓRGANOS DE GOBI";19800,00
91223300;"ORGANOS DE GOBIERNO";"OTRAS INDEMNIZACIONES TELEFONÍA";10200,00
91248900;"ORGANOS DE GOBIERNO";"ASIGNACIONES A GRUPOS POLÍTICOS";213794,50
91248901;"ORGANOS DE GOBIERNO";"OFRENDA A SAN MIGUEL. ÓRGANOS DE GOBIERNO";1200,00
91248902;"ORGANOS DE GOBIERNO";"OFRENDA REAL SANTUARIO NTRA. SRA. DE LAS NIEVES. ORGANOS DE GOBIERNO";1200,00
92012000;"ADMINISTRACIÓN GENERAL";"SUELDOS GRUPO A1 SECRETARÍA, VICESECRT Y REGIMEN JURÍDICO";137085,42
92012003;"ADMINISTRACIÓN GENERAL";"SUELDOS GRUPO C1";10077,59
92012004;"ADMINISTRACIÓN GENERAL";"SUELDOS GRUPO C2 ";84677,04
92012005;"ADMINISTRACIÓN GENERAL";"SUELDOS GRUPO E ";54288,08
92012006;"ADMINISTRACIÓN GENERAL";"TRIENIOS";54882,29
92012100;"ADMINISTRACIÓN GENERAL";"COMPLEMENTO DE DESTINO ";204763,86
92012101;"ADMINISTRACIÓN GENERAL";"COMPLEMENTO ESPECÍFICO";264434,38
92012103;"ADMINISTRACIÓN GENERAL";"OTROS COMPLEMENTOS ";165572,10
92013000;"ADMINISTRACIÓN GENERAL";"RETRIBUCIONES BÁSICAS PERSONAL LABORAL FIJO ";103681,59
92013002;"ADMINISTRACIÓN GENERAL";"OTRAS REMUNERACIONES SECRETARÍA, VICESECRT Y REGÍMEN JURÍDICO ";148709,83
92014300;"ADMINISTRACIÓN GENERAL";"RETRIBUCIONES EJECUCION SENTENCIAS";55000,00
92015000;"ADMINISTRACIÓN GENERAL";"PRODUCTIVIDAD ";7116,64
92016000;"ADMINISTRACIÓN GENERAL";"SEGURIDAD SOCIAL SECRETARÍA, VICESECRT Y REGIMEN JURÍDICO";339257,19
92020300;"ADMINISTRACIÓN GENERAL";"ARRENDAMIENTO DE MAQUINARIA, INSTALACIONES Y UTILLAJE";70000,00
92020400;"ADMINISTRACIÓN GENERAL";"ARRENDAMIENTO VEHICULO PRESIDENCIA";20000,00
92022000;"ADMINISTRACIÓN GENERAL";"MATERIAL DE OFICINA ADMON. GENERAL, SECRET. Y VICESECRT.";2000,00
92022001;"ADMINISTRACIÓN GENERAL";"PRENSA, REVISTAS, LIBROS Y OTRAS PUBLICACIONES";3000,00
92022002;"ADMINISTRACIÓN GENERAL";"MATERIAL INFORMATICO NO INVENTARIABLE";1500,00
92022003;"ADMINISTRACIÓN GENERAL";"MATERIAL FOTOCOPIADORAS Y OTROS";3967,05
92022004;"ADMINISTRACIÓN GENERAL";"CUOTA ANUAL ARANZADI BASE DE DATOS";3800,00
92022005;"ADMINISTRACIÓN GENERAL";"GESTOR EXPEDIENTES JUDICIALES";4938,00
92022104;"ADMINISTRACIÓN GENERAL";"VESTUARIO";3500,00
92022199;"ADMINISTRACIÓN GENERAL";"OTROS SUMINISTROS ";2000,00
92022201;"ADMINISTRACIÓN GENERAL";"POSTALES";49500,00
92022300;"ADMINISTRACIÓN GENERAL";"TRANSPORTE Y MENSAJERÍAS";2000,00
92022502;"ADMINISTRACIÓN GENERAL";"TRIBUTOS ENTIDADES LOCALES";1000,00
92022602;"ADMINISTRACIÓN GENERAL";"PUBLICIDAD Y PROPAGANDA ";6000,00
92022603;"ADMINISTRACIÓN GENERAL";"PUBLICACIONES EN DIARIOS OFICIALES";8500,00
92022604;"ADMINISTRACIÓN GENERAL";"JURÍDICOS, CONTENCIOSOS";35000,00
92022607;"ADMINISTRACIÓN GENERAL";"OPOSICIONES Y PRUEBAS SELECTIVAS";2879,46
92022610;"ADMINISTRACIÓN GENERAL";"GASTOS DIVERSOS DEPART. INVENT. Y ARCHIVO";4500,00
92022611;"ADMINISTRACIÓN GENERAL";"GASTOS DIVERSOS VICE-SECRET. GRAL. Y ASESORÍA JDCA.";1500,00
92022998;"ADMINISTRACIÓN GENERAL";"OTROS GASTOS JURÍDICOS";3000,00
92022699;"ADMINISTRACIÓN GENERAL";"OTROS GASTOS DIVERSOS";1000,00
92022706;"ADMINISTRACIÓN GENERAL";"ESTUDIOS Y TRABAJOS TÉCNICOS";6982,50
92022707;"ADMINISTRACIÓN GENERAL";"ACTUACIONES ACTUALIZACIÓN PROPIEDADES Y FICHA INVENTARIO";15000,00
92023020;"ADMINISTRACIÓN GENERAL";"DIETAS DEL PERSONAL NO DIRECTIVO";5000,00
92023120;"ADMINISTRACIÓN GENERAL";"LOCOMOCIÓN DEL PERSONAL NO DIRECTIVO";11000,00
92048000;"ADMINISTRACIÓN GENERAL";"AYUDA ASOC. CANARIA AMIGOS PUEBLOS SAHARAUIS DESPLAZ NIÑOS";4631,25
92062500;"ADMINISTRACIÓN GENERAL";"ADQUISICIÓN MOBILIARIO Y ENSERES";1337,00
92062600;"ADMINISTRACIÓN GENERAL";"ADQUISIÓN EQUIPOS INFORMÁTICOS";1000,00
92062700;"ADMINISTRACIÓN GENERAL";"PROYECTO ARCHIVO INSULAR";60000,00
92083000;"ADMINISTRACIÓN GENERAL";" ANTICIPOS PAGAS AL PERSONAL";240000,00
92083100;"ADMINISTRACIÓN GENERAL";"PRÉSTAMOS DE HASTA 3.942,87 EUROS";60000,00
92083101;"ADMINISTRACIÓN GENERAL";"AYUDAS REINTEGRABLES EXCEPCIONALES";18000,00
92112000;"PRESIDENCIA";"SUELDOS GRUPO A1";45695,14
92112003;"PRESIDENCIA";"SUELDOS GRUPO C1";10077,59
92112004;"PRESIDENCIA";"SUELDOS GRUPO C2";33870,82
92112006;"PRESIDENCIA";"TRIENIOS";11378,36
92112100;"PRESIDENCIA";"COMPLEMENTO DE DESTINO";67778,76
92112101;"PRESIDENCIA";"COMPLEMENTO ESPECÍFICO";84666,40
92112103;"PRESIDENCIA";"OTROS COMPLEMENTOS";53215,31
92113000;"PRESIDENCIA";"RETRIBUCIONES BÁSICAS PERSONAL LABORAL FIJO";11250,06
92113002;"PRESIDENCIA";"OTRAS REMUNERACIONES PERSONAL LABORAL FIJO";17838,07
92115000;"PRESIDENCIA";"PRODUCTIVIDAD";2060,08
92116000;"PRESIDENCIA";"SEGURIDAD SOCIAL";64462,08
92120200;"PRESIDENCIA";"CUOTA EDIFICIOS COMUNIDADES";5000,00
92122104;"PRESIDENCIA";"VESTUARIO PERSONAL CONDUCTORES";1500,00
92122200;"PRESIDENCIA";"COMUNICACIONES TELEFONICAS EDIFICIOS";80000,00
92122400;"PRESIDENCIA";"PRIMAS DE SEGURO";190000,00
92122502;"PRESIDENCIA";"TRIBUTOS EDIFICIOS";85000,00
92122602;"PRESIDENCIA";"PUBLICIDAD Y PROPAGANDA ";70000,00
92122603;"PRESIDENCIA";"PUBLICACIONES EN DIARIOS OFICIALES";500,00
92122700;"PRESIDENCIA";"SERVICIO LIMPIEZA EDIFICIOS";480000,00
92122701;"PRESIDENCIA";"SEGURIDAD";200000,00
92122709;"PRESIDENCIA";"SERVICIOS AUXILIARES CONTROL ACCESO DEPENDENCIAS";15000,00
92162500;"PRESIDENCIA";"ADQUISICION DE MOBILIARIO Y ENSERES";500,00
92222000;"COORDINACIÓN Y ORGANIZACIÓN INSTITUCIONAL DE LA EELL";"MATERIAL OFICINA ORGANIZACIÓN";500,00
9222201;"COORDINACIÓN Y ORGANIZACIÓN INSTITUCIONAL DE LA EELL";"PRENSA, REVISTAS, LIBROS Y OTRAS PUBLICACIONES";200,00
92222699;"COORDINACIÓN Y ORGANIZACIÓN INSTITUCIONAL DE LA EELL";"OTROS GASTOS DIVEROS";500,00
92222706;"COORDINACIÓN Y ORGANIZACIÓN INSTITUCIONAL DE LA EELL";"GABINETE DE PRENSA - SERVICIOS NOTICIAS";40000,00
92262500;"COORDINACIÓN Y ORGANIZACIÓN INSTITUCIONAL DE LA EELL";"MOBILIARIO ";1200,00
92422610;"PARTICIPACIÓN CIUDADANA";"GASTOS DIVERSOS PROYECTO INSULAR";5000,00
92422706;"PARTICIPACIÓN CIUDADANA";"TRABAJOS TÉCNICOS PREMIOS PROYECTO INSULAR";2500,00
92448000;"PARTICIPACIÓN CIUDADANA";"PREMIOS PARTICIPACIÓN CIUDADANA";1500,00
92448901;"PARTICIPACIÓN CIUDADANA";"CONSEJO SOCIAL DE LA ISLA DE LA PALMA GASTOS FUNCIONAMIENTO";1000,00
92448903;"PARTICIPACIÓN CIUDADANA";"MOVIMIENTO ASOCIATIVO ACTUACIONES 2017";40000,00
92478900;"PARTICIPACIÓN CIUDADANA";"PREMIOS PROYECTO INSULAR";20000,00
92522000;"ATENCIÓN A LOS CIUDADANOS";"MATERIAL DE OFICINA INFORMACIÓN AL CIUDADANO";3000,00
92522002;"ATENCIÓN A LOS CIUDADANOS";"SOFTWARE PARA INTERCONEXIÓN DE REGISTRO";7000,00
92522707;"ATENCIÓN A LOS CIUDADANOS";"SERVICIO INFORMACIÓN TELEFÓNICA (SERVICIO 010)";84030,00
92522709;"ATENCIÓN A LOS CIUDADANOS";"CONVENIO SERVICIO ADMINISTRATEL";12960,00
92522710;"ATENCIÓN A LOS CIUDADANOS";"MANTENIMIENTO GESTOR DE TURNOS OFICINA OAC";1500,00
92522711;"ATENCIÓN A LOS CIUDADANOS";"GRABACIONES SESIONES PLENARIAS-CONVENIO FUNDACIÓN EUROPEA SOCIEDAD DE LA INFORMACIÓN";7000,00
92562600;"ATENCIÓN A LOS CIUDADANOS";"ADQUISICIÓN EQUIPO DIGITALIZACIÓN";2400,00
92612000;"COMUNICACIONES INTERNAS";"SUELDOS GRUPO A1";15231,71
92612006;"COMUNICACIONES INTERNAS";"TRIENIOS";4100,57
92612100;"COMUNICACIONES INTERNAS";"COMPLEMENTO DE DESTINO";11770,22
92612101;"COMUNICACIONES INTERNAS";"COMPLEMENTO ESPECÍFICO";17398,50
92612103;"COMUNICACIONES INTERNAS";"OTROS COMPLEMENTOS";10707,19
92613000;"COMUNICACIONES INTERNAS";"RETRIBUCIONES BÁSICAS PERSONAL LABORAL FIJO";23101,72
92613002;"COMUNICACIONES INTERNAS";"OTRAS REMUNERACIONES PERSONAL LABORAL FIJO";37084,01
92615000;"COMUNICACIONES INTERNAS";"PRODUCTIVIDAD";561,84
92616000;"COMUNICACIONES INTERNAS";"SEGURIDAD SOCIAL";32955,01
92621600;"COMUNICACIONES INTERNAS";"MANTENIMIENTO DE HARDWARE Y SOFTWARE";65271,58
92622002;"COMUNICACIONES INTERNAS";"MATERIAL INFORMÁTICO NO INVENTARIABLE ";4000,00
92622203;"COMUNICACIONES INTERNAS";"COMUNICACIONES INFORMÁTICAS";28000,00
92622706;"COMUNICACIONES INTERNAS";"PLAN DE MODERNIZACIÓN ADMINISTRATIVA FASE III ";28000,00
92662600;"COMUNICACIONES INTERNAS";"ADQUISICIÓN DE HARDWARE, SOFTWARE Y EQUIPOS DE COMUNICACIÓN";45000,00
92662601;"COMUNICACIONES INTERNAS";"PLAN DE MODERNIZACIÓN ADMINISTRATIVA FASE II Y OTROS PROYECTOS NNTT";45000,00
92662602;"COMUNICACIONES INTERNAS";"MATERIAL COMUNICACIONES INFORMÁTICAS";15000,00
92712000;"RECURSOS HUMANOS";"SUELDOS GRUPO A1";45695,14
92712001;"RECURSOS HUMANOS";"SUELDOS GRUPO A2";20512,82
92712003;"RECURSOS HUMANOS";"SUELDOS GRUPO C1";33439,85
92712004;"RECURSOS HUMANOS";"SUELDOS GRUPO C2";59273,93
92712006;"RECURSOS HUMANOS";"TRIENIOS";18524,82
92712100;"RECURSOS HUMANOS";"COMPLEMENTO DE DESTINO";101308,90
92712101;"RECURSOS HUMANOS";"COMPLEMENTO ESPECÍFICO";127096,69
92712103;"RECURSOS HUMANOS";" OTROS COMPLEMENTOS";80394,49
92713000;"RECURSOS HUMANOS";" RETRIBUCIONES BÁSICAS PERSONAL LABORAL FIJO";35025,43
92713002;"RECURSOS HUMANOS";" OTRAS REMUNERACIONES PERSONAL LABORLA FIJO";53314,66
92715000;"RECURSOS HUMANOS";"PRODUCTIVIDAD";3090,12
92716000;"RECURSOS HUMANOS";"SEGURIDAD SOCIAL";156856,80
92722000;"RECURSOS HUMANOS";"MATERIAL DE OFICINA RRHH";2000,00
92722001;"RECURSOS HUMANOS";"PRENSA, REVISTAS, LIBROS Y OTRAS PUBLICACIONES";1000,00
92722002;"RECURSOS HUMANOS";"PROGRAMAS Y SERVICIOS INFORMÁTICOS";15000,00
92722300;"RECURSOS HUMANOS";"TRANSPORTES Y MENSAJERIA";500,00
92722706;"RECURSOS HUMANOS";"PREVENCIÓN RIESGOS LABORALES Y OTRAS";22000,00
92722707;"RECURSOS HUMANOS";"ESTUDIOS Y TRABAJOS TÉCNICOS";6000,00
92762500;"RECURSOS HUMANOS";"MOBILIARIO";600,00
92762600;"RECURSOS HUMANOS";"ADQUISICIÓN DE EQUIPOS DE PROCESO DE INFORMACIÓN";1200,00
92762900;"RECURSOS HUMANOS";"ADQUISICIÓN DE MATERIAL UNIDAD DE PREVENCIÓN RIESGO LABORALES";2000,00
92812000;"CONTRATACIÓN";"SUELDOS GRUPO A1";45695,14
92812004;"CONTRATACIÓN";"SUELDOS GRUPO C2";25403,11
92812006;"CONTRATACIÓN";"TRIENIOS";9905,01
92812100;"CONTRATACIÓN";"COMPLEMENTO DE DESTINO";47149,20
92812101;"CONTRATACIÓN";"COMPLEMENTO ESPECÍFICO";63894,46
92812103;"CONTRATACIÓN";"OTROS COMPLEMENTOS";39379,78
92815000;"CONTRATACIÓN";"PRODUCTIVIDAD";1014,43
92816000;"CONTRATACIÓN";"SEGURIDAD SOCIAL";54743,04
92822000;"CONTRATACIÓN";"MATERIAL DE OFICINA";380,00
92822001;"CONTRATACIÓN";"PRENSA, LIBROS, REVISTAS Y OTRAS PUBLICACIONES";380,00
92822605;"CONTRATACIÓN";"CONVENIO TRIBUNAL ADMINISTRATIVO CONTRATOS PÚBLICOS";100,00
92822699;"CONTRATACIÓN";"GASTOS DIVERSOS";500,00
92950000;"IMPREVISTOS Y FUNCIONES NO CLASIFICADAS";"FONDO DE CONTIGENCIA E IMPREVISTOS";430000,00
93112000;"POLÍTICA ECONÓMICA Y FISCAL";"SUELDOS GRUPO A1";76158,57
93112001;"POLÍTICA ECONÓMICA Y FISCAL";"SUELDOS GRUPO A2";26569,36
93112003;"POLÍTICA ECONÓMICA Y FISCAL";"SUELDOS GRUPO C1";20155,17
93112004;"POLÍTICA ECONÓMICA Y FISCAL";"SUELDOS GRUPO C2";59273,93
93112006;"POLÍTICA ECONÓMICA Y FISCAL";"TRIENIOS";40239,22
93112100;"POLÍTICA ECONÓMICA Y FISCAL";"COMPLEMENTO DE DESTINO";129235,96
93112101;"POLÍTICA ECONÓMICA Y FISCAL";"COMPLEMENTO ESPECÍFICO";190073,66
93112103;"POLÍTICA ECONÓMICA Y FISCAL";"OTROS COMPLEMENTOS";110031,75
93115000;"POLÍTICA ECONÓMICA Y FISCAL";"PRODUCTIVIDAD";2996,48
93116000;"POLÍTICA ECONÓMICA Y FISCAL";"SEGURIDAD SOCIAL";145459,60
93122000;"POLÍTICA ECONÓMICA Y FISCAL";"MATERIAL DE OFICINA SERVICIOS ECONÓMICOS";1000,00
93122001;"POLÍTICA ECONÓMICA Y FISCAL";"LIBROS, PRENSA, REVISTAS Y OTRAS PUBLICACIONES";380,00
93122300;"POLÍTICA ECONÓMICA Y FISCAL";"TRANSPORTES Y MENSAJERÍA";500,00
93122602;"POLÍTICA ECONÓMICA Y FISCAL";"PUBLICIDAD Y PROPAGANDA SERVICIOS ECONÓMICOS";950,00
93122603;"POLÍTICA ECONÓMICA Y FISCAL";"PUBLICACIONES EN DIARIO OFICIALES";750,00
93122706;"POLÍTICA ECONÓMICA Y FISCAL";"ESTUDIOS Y TRABAJOS TÉCNICOS";6000,00
93162700;"POLÍTICA ECONÓMICA Y FISCAL";"INVERSIONES SERVICIOS ECONÓMICOS";5000,00
93312001;"GESTIÓN DEL PATRIMONIO";"SUELDOS GRUPO A2";13284,68
93312004;"GESTIÓN DEL PATRIMONIO";"SUELDOS GRUPO C2";8467,70
93312006;"GESTIÓN DEL PATRIMONIO";"TRIENIOS ";2890,17
93312100;"GESTIÓN DEL PATRIMONIO";"COMPLEMENTO DE DESTINO";15137,50
93312101;"GESTIÓN DEL PATRIMONIO";"COMPLEMENTO ESPECÍFICO";19386,08
93312103;"GESTIÓN DEL PATRIMONIO";" OTROS COMPLEMENTOS";10577,95
93313000;"GESTIÓN DEL PATRIMONIO";" RETRIBUCIONES BÁSICAS PERSONAL LABORAL FIJO";76644,35
93313002;"GESTIÓN DEL PATRIMONIO";" OTRAS REMUNERACIONES PERSONAL LABORAL FIJO";111751,91
93315000;"GESTIÓN DEL PATRIMONIO";"PRODUCTIVIDAD";2060,08
93316000;"GESTIÓN DEL PATRIMONIO";"SEGURIDAD SOCIAL";72959,02
93321200;"GESTIÓN DEL PATRIMONIO";"MANTENIMIENTO Y REPARACIÓN EDIFICIOS";60000,00
93321201;"GESTIÓN DEL PATRIMONIO";"CONSERVACIÓN EDIFICIOS INSULARES PINTURA";40000,00
93321300;"GESTIÓN DEL PATRIMONIO";"MANTENIMIENTO ASCENSORES EDIFICIOS";40000,00
93321301;"GESTIÓN DEL PATRIMONIO";"MAQUINARIA, INSTALACIONES Y UTILLAJE";850,00
93321400;"GESTIÓN DEL PATRIMONIO";"MANTENIMIENTO Y REPARACIÓN DE VEHÍCULOS (ITV)";6000,00
93322100;"GESTIÓN DEL PATRIMONIO";"SUMINISTRO LUZ EDIFICIOS";350000,00
93322101;"GESTIÓN DEL PATRIMONIO";"SUMINISTRO AGUA EDIFICIOS";80000,00
93322104;"GESTIÓN DEL PATRIMONIO";"VESTUARIO PERSONAL EDIFICIOS";2000,00
93322600;"GESTIÓN DEL PATRIMONIO";"GASTOS DIVERSOS";7000,00
93322706;"GESTIÓN DEL PATRIMONIO";"ESTUDIOS Y TRABAJOS TÉCNICOS";6000,00
93322707;"GESTIÓN DEL PATRIMONIO";"ESTUDIO Y LEGALIZACIÓN EDIFICIOS";15000,00
93360000;"GESTIÓN DEL PATRIMONIO";"INVERSIONES EN TERRENOS";20000,00
93360200;"GESTIÓN DEL PATRIMONIO";"ADQUISICIÓN DE INMUEBLES";12000,00
93362300;"GESTIÓN DEL PATRIMONIO";"MAQUINARIA, INSTALACIONES TÉCNICAS Y UTILLAJES";5000,00
93362400;"GESTIÓN DEL PATRIMONIO";"ELEMENTOS DE TRANSPORTES";14900,00
93362500;"GESTIÓN DEL PATRIMONIO";"MOBILIARIO Y ENSERES";600,00
93362900;"GESTIÓN DEL PATRIMONIO";"SEÑALIZACIÓN Y OTRAS ACTUACIONES SEGURIDAD EDIFICIOS";2000,00
93362901;"GESTIÓN DEL PATRIMONIO";"INSTALACIONES ALARMAS DIFERENTES EDIFICIOS Y ALMACENES";18000,00
93422706;"GESTIÓN DE LA DEUDA Y TESORERÍA";"ESTUDIOS Y TRABAJOS TÉCNICOS";8000,00
93422708;"GESTIÓN DE LA DEUDA Y TESORERÍA";"OFICINA AUX. RECAUDACIÓN";96939,60
93435900;"GESTIÓN DE LA DEUDA Y TESORERÍA";"INTERESES SERVICIOS ECONÓMICOS";4000,00
94322605;"TRANSFERENCIAS OTRAS EELL";"CUOTAS FEMP";6000,00
94322608;"TRANSFERENCIAS OTRAS EELL";"CUOTAS FECAI";4608,77
94346700;"TRANSFERENCIAS OTRAS EELL";"CONSORCIO INSULAR DE SERVICIOS";268618,34
94346701;"TRANSFERENCIAS OTRAS EELL";"APORTACIONES FUNDACIÓN CANARIA RESERVA DE LA BIOSFERA";250000,00
